Workbook
Name bp: 'Opp Name'!$R$7
Name bp: 'Opportunity_Name USD'!$R$7
Name bpusd: #REF!
Name iconn: 'Opp Name'!$R$6
Name iconn: 'Opportunity_Name USD'!$R$6
Name iconnusd: #REF!
Name isaas: 'Opp Name'!$R$4
Name isaas: 'Opportunity_Name USD'!$R$4
Name isaasusd: #REF!
Name iserv: 'Opp Name'!$R$5
Name iserv: 'Opportunity_Name USD'!$R$5
Name iservusd: #REF!

Sheet Opp Name
B2: CXONE DIGITAL AGENT - 36 Meses
B4: SOFTWARE MRC PRODUCTS | H4: PRICE LIST | J4: FOB NET PRICE | N4: SELL PRICE (WITH TAXES) | Q4: Imposto de Licença | R4: 0.1383
B5: # | C5: Product | D5: SKU | E5: Quantity | F5: Group | G5: Prod Category Discount | H5: Unit Partner Price | I5: Total Partner Price | J5: Additional Discount | K5: Unit Price (FOB) | L5: 5.8 | M5: FOB NET | N5: Unit Sell Price | O5: Total Sell Price | Q5: Imposto de Serviço | R5: 0.0701
B6: 1 | I6: =H6*E6 -> 0 | J6: {=IFERROR(_xlfn.SWITCH(G6, $Q$10, $R$10, $Q$11, $R$11, $Q$12, $R$12, $Q$13, $R$13, $Q$14, $R$14, $Q$15, $R$15, $Q$16, $R$16, $Q$17, $R$17, $Q$18, $R$18,$Q$19,$R$19,$Q$20,$R$20,$Q$21,$R$21,$Q$22,$R$22,$Q$23,$R$23,$Q$24,$R$24), 0)} -> 0 | K6: =IFERROR(H6*(1-J6),0) -> 0 | L6: =IFERROR(K6*E6,0)/$L$5 -> 0 | M6: =IFERROR(K6*E6,0) -> 0 | N6: {=IFERROR(K6*(1+IFERROR(_xlfn.SWITCH(G6, $Q$10, $S$10, $Q$11, $S$11, $Q$12, $S$12, $Q$13, $S$13, $Q$14, $S$14, $Q$15, $S$15, $Q$16, $S$16, $Q$17, $S$17, $Q$18, $S$18,$Q$19,$S$19,$Q$20,$S$20,$Q$21,$S$21,$Q$22,$S$22,$Q$23,$S$23,$Q$24,$S$24), $S$10))*bp, 0)} -> 0 | O6: =IFERROR(N6*E6,0) -> 0 | Q6: Imposto Conn MPLS | R6: 0.11
B7: 2 | I7: =H7*E7 -> 0 | J7: {=IFERROR(_xlfn.SWITCH(G7, $Q$10, $R$10, $Q$11, $R$11, $Q$12, $R$12, $Q$13, $R$13, $Q$14, $R$14, $Q$15, $R$15, $Q$16, $R$16, $Q$17, $R$17, $Q$18, $R$18,$Q$19,$R$19,$Q$20,$R$20,$Q$21,$R$21,$Q$22,$R$22,$Q$23,$R$23,$Q$24,$R$24), 0)} -> 0 | K7: =IFERROR(H7*(1-J7),0) -> 0 | L7: =IFERROR(K7*E7,0)/$L$5 -> 0 | M7: =IFERROR(K7*E7,0) -> 0 | N7: {=IFERROR(K7*(1+IFERROR(_xlfn.SWITCH(G7, $Q$10, $S$10, $Q$11, $S$11, $Q$12, $S$12, $Q$13, $S$13, $Q$14, $S$14, $Q$15, $S$15, $Q$16, $S$16, $Q$17, $S$17, $Q$18, $S$18,$Q$19,$S$19,$Q$20,$S$20,$Q$21,$S$21,$Q$22,$S$22,$Q$23,$S$23,$Q$24,$S$24), $S$10))*bp, 0)} -> 0 | O7: =IFERROR(N7*E7,0) -> 0 | Q7: BP Factor | R7: 1
B8: 3 | I8: =H8*E8 -> 0 | J8: {=IFERROR(_xlfn.SWITCH(G8, $Q$10, $R$10, $Q$11, $R$11, $Q$12, $R$12, $Q$13, $R$13, $Q$14, $R$14, $Q$15, $R$15, $Q$16, $R$16, $Q$17, $R$17, $Q$18, $R$18,$Q$19,$R$19,$Q$20,$R$20,$Q$21,$R$21,$Q$22,$R$22,$Q$23,$R$23,$Q$24,$R$24), 0)} -> 0 | K8: =IFERROR(H8*(1-J8),0) -> 0 | L8: =IFERROR(K8*E8,0)/$L$5 -> 0 | M8: =IFERROR(K8*E8,0) -> 0 | N8: {=IFERROR(K8*(1+IFERROR(_xlfn.SWITCH(G8, $Q$10, $S$10, $Q$11, $S$11, $Q$12, $S$12, $Q$13, $S$13, $Q$14, $S$14, $Q$15, $S$15, $Q$16, $S$16, $Q$17, $S$17, $Q$18, $S$18,$Q$19,$S$19,$Q$20,$S$20,$Q$21,$S$21,$Q$22,$S$22,$Q$23,$S$23,$Q$24,$S$24), $S$10))*bp, 0)} -> 0 | O8: =IFERROR(N8*E8,0) -> 0
B9: 4 | I9: =H9*E9 -> 0 | J9: {=IFERROR(_xlfn.SWITCH(G9, $Q$10, $R$10, $Q$11, $R$11, $Q$12, $R$12, $Q$13, $R$13, $Q$14, $R$14, $Q$15, $R$15, $Q$16, $R$16, $Q$17, $R$17, $Q$18, $R$18,$Q$19,$R$19,$Q$20,$R$20,$Q$21,$R$21,$Q$22,$R$22,$Q$23,$R$23,$Q$24,$R$24), 0)} -> 0 | K9: =IFERROR(H9*(1-J9),0) -> 0 | L9: =IFERROR(K9*E9,0)/$L$5 -> 0 | M9: =IFERROR(K9*E9,0) -> 0 | N9: {=IFERROR(K9*(1+IFERROR(_xlfn.SWITCH(G9, $Q$10, $S$10, $Q$11, $S$11, $Q$12, $S$12, $Q$13, $S$13, $Q$14, $S$14, $Q$15, $S$15, $Q$16, $S$16, $Q$17, $S$17, $Q$18, $S$18,$Q$19,$S$19,$Q$20,$S$20,$Q$21,$S$21,$Q$22,$S$22,$Q$23,$S$23,$Q$24,$S$24), $S$10))*bp, 0)} -> 0 | O9: =IFERROR(N9*E9,0) -> 0 | R9: Discount | S9: Local Taxes | U9: Group | V9: Quantity | W9: List Price BRL | X9: Price per license BRL | Y9: Discounted Price BRL | Z9: Discounted Price per license BRL
B10: 5 | I10: =H10*E10 -> 0 | J10: {=IFERROR(_xlfn.SWITCH(G10, $Q$10, $R$10, $Q$11, $R$11, $Q$12, $R$12, $Q$13, $R$13, $Q$14, $R$14, $Q$15, $R$15, $Q$16, $R$16, $Q$17, $R$17, $Q$18, $R$18,$Q$19,$R$19,$Q$20,$R$20,$Q$21,$R$21,$Q$22,$R$22,$Q$23,$R$23,$Q$24,$R$24), 0)} -> 0 | K10: =IFERROR(H10*(1-J10),0) -> 0 | L10: =IFERROR(K10*E10,0)/$L$5 -> 0 | M10: =IFERROR(K10*E10,0) -> 0 | N10: {=IFERROR(K10*(1+IFERROR(_xlfn.SWITCH(G10, $Q$10, $S$10, $Q$11, $S$11, $Q$12, $S$12, $Q$13, $S$13, $Q$14, $S$14, $Q$15, $S$15, $Q$16, $S$16, $Q$17, $S$17, $Q$18, $S$18,$Q$19,$S$19,$Q$20,$S$20,$Q$21,$S$21,$Q$22,$S$22,$Q$23,$S$23,$Q$24,$S$24), $S$10))*bp, 0)} -> 0 | O10: =IFERROR(N10*E10,0) -> 0 | Q10: Bundle | R10: 0 | S10: =isaas -> 0.1383 | U10: Bundle | V10: ='Opp Name'!$E$6 -> 0 | W10: =SUMIF('Opp Name'!$F:$F,Table14[[#This Row],[Group]],'Opp Name'!$I:$I) -> 0 | X10: =W10/V10 -> #DIV/0! | Y10: =SUMIF('Opp Name'!$F:$F,Table14[[#This Row],[Group]],'Opp Name'!$M:$M) -> 0 | Z10: =Y10/V10 -> #DIV/0!
B11: 6 | I11: =H11*E11 -> 0 | J11: {=IFERROR(_xlfn.SWITCH(G11, $Q$10, $R$10, $Q$11, $R$11, $Q$12, $R$12, $Q$13, $R$13, $Q$14, $R$14, $Q$15, $R$15, $Q$16, $R$16, $Q$17, $R$17, $Q$18, $R$18,$Q$19,$R$19,$Q$20,$R$20,$Q$21,$R$21,$Q$22,$R$22,$Q$23,$R$23,$Q$24,$R$24), 0)} -> 0 | K11: =IFERROR(H11*(1-J11),0) -> 0 | L11: =IFERROR(K11*E11,0)/$L$5 -> 0 | M11: =IFERROR(K11*E11,0) -> 0 | N11: {=IFERROR(K11*(1+IFERROR(_xlfn.SWITCH(G11, $Q$10, $S$10, $Q$11, $S$11, $Q$12, $S$12, $Q$13, $S$13, $Q$14, $S$14, $Q$15, $S$15, $Q$16, $S$16, $Q$17, $S$17, $Q$18, $S$18,$Q$19,$S$19,$Q$20,$S$20,$Q$21,$S$21,$Q$22,$S$22,$Q$23,$S$23,$Q$24,$S$24), $S$10))*bp, 0)} -> 0 | O11: =IFERROR(N11*E11,0) -> 0 | Q11: Integrated SW | R11: 0 | S11: =isaas -> 0.1383 | U11: Success Package | V11: ='Opp Name'!$E$6 -> 0 | W11: =SUMIF('Opp Name'!$F:$F,Table14[[#This Row],[Group]],'Opp Name'!$I:$I) -> 0 | X11: =W11/V11 -> #DIV/0! | Y11: =SUMIF('Opp Name'!$F:$F,Table14[[#This Row],[Group]],'Opp Name'!$M:$M) -> 0 | Z11: =Y11/V11 -> #DIV/0!
B12: 7 | I12: =H12*E12 -> 0 | J12: {=IFERROR(_xlfn.SWITCH(G12, $Q$10, $R$10, $Q$11, $R$11, $Q$12, $R$12, $Q$13, $R$13, $Q$14, $R$14, $Q$15, $R$15, $Q$16, $R$16, $Q$17, $R$17, $Q$18, $R$18,$Q$19,$R$19,$Q$20,$R$20,$Q$21,$R$21,$Q$22,$R$22,$Q$23,$R$23,$Q$24,$R$24), 0)} -> 0 | K12: =IFERROR(H12*(1-J12),0) -> 0 | L12: =IFERROR(K12*E12,0)/$L$5 -> 0 | M12: =IFERROR(K12*E12,0) -> 0 | N12: {=IFERROR(K12*(1+IFERROR(_xlfn.SWITCH(G12, $Q$10, $S$10, $Q$11, $S$11, $Q$12, $S$12, $Q$13, $S$13, $Q$14, $S$14, $Q$15, $S$15, $Q$16, $S$16, $Q$17, $S$17, $Q$18, $S$18,$Q$19,$S$19,$Q$20,$S$20,$Q$21,$S$21,$Q$22,$S$22,$Q$23,$S$23,$Q$24,$S$24), $S$10))*bp, 0)} -> 0 | O12: =IFERROR(N12*E12,0) -> 0 | Q12: CXone SW | R12: 0 | S12: =isaas -> 0.1383 | U12: Video/Co-browse | V12: ='Opp Name'!$E$6 -> 0 | W12: =SUMIF('Opp Name'!$F:$F,Table14[[#This Row],[Group]],'Opp Name'!$I:$I) -> 0 | X12: =W12/V12 -> #DIV/0! | Y12: =SUMIF('Opp Name'!$F:$F,Table14[[#This Row],[Group]],'Opp Name'!$M:$M) -> 0 | Z12: =Y12/V12 -> #DIV/0!
B13: 8 | I13: =H13*E13 -> 0 | J13: {=IFERROR(_xlfn.SWITCH(G13, $Q$10, $R$10, $Q$11, $R$11, $Q$12, $R$12, $Q$13, $R$13, $Q$14, $R$14, $Q$15, $R$15, $Q$16, $R$16, $Q$17, $R$17, $Q$18, $R$18,$Q$19,$R$19,$Q$20,$R$20,$Q$21,$R$21,$Q$22,$R$22,$Q$23,$R$23,$Q$24,$R$24), 0)} -> 0 | K13: =IFERROR(H13*(1-J13),0) -> 0 | L13: =IFERROR(K13*E13,0)/$L$5 -> 0 | M13: =IFERROR(K13*E13,0) -> 0 | N13: {=IFERROR(K13*(1+IFERROR(_xlfn.SWITCH(G13, $Q$10, $S$10, $Q$11, $S$11, $Q$12, $S$12, $Q$13, $S$13, $Q$14, $S$14, $Q$15, $S$15, $Q$16, $S$16, $Q$17, $S$17, $Q$18, $S$18,$Q$19,$S$19,$Q$20,$S$20,$Q$21,$S$21,$Q$22,$S$22,$Q$23,$S$23,$Q$24,$S$24), $S$10))*bp, 0)} -> 0 | O13: =IFERROR(N13*E13,0) -> 0 | Q13: Services | R13: 0 | S13: =iserv -> 0.0701 | U13: Dialer | V13: ='Opp Name'!$E$6 -> 0 | W13: =SUMIF('Opp Name'!$F:$F,Table14[[#This Row],[Group]],'Opp Name'!$I:$I) -> 0 | X13: =W13/V13 -> #DIV/0! | Y13: =SUMIF('Opp Name'!$F:$F,Table14[[#This Row],[Group]],'Opp Name'!$M:$M) -> 0 | Z13: =Y13/V13 -> #DIV/0!
B14: 9 | I14: =H14*E14 -> 0 | J14: {=IFERROR(_xlfn.SWITCH(G14, $Q$10, $R$10, $Q$11, $R$11, $Q$12, $R$12, $Q$13, $R$13, $Q$14, $R$14, $Q$15, $R$15, $Q$16, $R$16, $Q$17, $R$17, $Q$18, $R$18,$Q$19,$R$19,$Q$20,$R$20,$Q$21,$R$21,$Q$22,$R$22,$Q$23,$R$23,$Q$24,$R$24), 0)} -> 0 | K14: =IFERROR(H14*(1-J14),0) -> 0 | L14: =IFERROR(K14*E14,0)/$L$5 -> 0 | M14: =IFERROR(K14*E14,0) -> 0 | N14: {=IFERROR(K14*(1+IFERROR(_xlfn.SWITCH(G14, $Q$10, $S$10, $Q$11, $S$11, $Q$12, $S$12, $Q$13, $S$13, $Q$14, $S$14, $Q$15, $S$15, $Q$16, $S$16, $Q$17, $S$17, $Q$18, $S$18,$Q$19,$S$19,$Q$20,$S$20,$Q$21,$S$21,$Q$22,$S$22,$Q$23,$S$23,$Q$24,$S$24), $S$10))*bp, 0)} -> 0 | O14: =IFERROR(N14*E14,0) -> 0 | Q14: Support | R14: 0 | S14: =isaas -> 0.1383 | U14: WFM IEX | V14: ='Opp Name'!$E$6 -> 0 | W14: =SUMIF('Opp Name'!$F:$F,Table14[[#This Row],[Group]],'Opp Name'!$I:$I) -> 0 | X14: =W14/V14 -> #DIV/0! | Y14: =SUMIF('Opp Name'!$F:$F,Table14[[#This Row],[Group]],'Opp Name'!$M:$M) -> 0 | Z14: =Y14/V14 -> #DIV/0!
B15: 10 | I15: =H15*E15 -> 0 | J15: {=IFERROR(_xlfn.SWITCH(G15, $Q$10, $R$10, $Q$11, $R$11, $Q$12, $R$12, $Q$13, $R$13, $Q$14, $R$14, $Q$15, $R$15, $Q$16, $R$16, $Q$17, $R$17, $Q$18, $R$18,$Q$19,$R$19,$Q$20,$R$20,$Q$21,$R$21,$Q$22,$R$22,$Q$23,$R$23,$Q$24,$R$24), 0)} -> 0 | K15: =IFERROR(H15*(1-J15),0) -> 0 | L15: =IFERROR(K15*E15,0)/$L$5 -> 0 | M15: =IFERROR(K15*E15,0) -> 0 | N15: {=IFERROR(K15*(1+IFERROR(_xlfn.SWITCH(G15, $Q$10, $S$10, $Q$11, $S$11, $Q$12, $S$12, $Q$13, $S$13, $Q$14, $S$14, $Q$15, $S$15, $Q$16, $S$16, $Q$17, $S$17, $Q$18, $S$18,$Q$19,$S$19,$Q$20,$S$20,$Q$21,$S$21,$Q$22,$S$22,$Q$23,$S$23,$Q$24,$S$24), $S$10))*bp, 0)} -> 0 | O15: =IFERROR(N15*E15,0) -> 0 | Q15: Success Package | R15: 0 | S15: =isaas -> 0.1383 | U15: Knowledge | V15: ='Opp Name'!$E$6 -> 0 | W15: =SUMIF('Opp Name'!$F:$F,Table14[[#This Row],[Group]],'Opp Name'!$I:$I) -> 0 | X15: =W15/V15 -> #DIV/0! | Y15: =SUMIF('Opp Name'!$F:$F,Table14[[#This Row],[Group]],'Opp Name'!$M:$M) -> 0 | Z15: =Y15/V15 -> #DIV/0!
B16: 11 | I16: =H16*E16 -> 0 | J16: {=IFERROR(_xlfn.SWITCH(G16, $Q$10, $R$10, $Q$11, $R$11, $Q$12, $R$12, $Q$13, $R$13, $Q$14, $R$14, $Q$15, $R$15, $Q$16, $R$16, $Q$17, $R$17, $Q$18, $R$18,$Q$19,$R$19,$Q$20,$R$20,$Q$21,$R$21,$Q$22,$R$22,$Q$23,$R$23,$Q$24,$R$24), 0)} -> 0 | K16: =IFERROR(H16*(1-J16),0) -> 0 | L16: =IFERROR(K16*E16,0)/$L$5 -> 0 | M16: =IFERROR(K16*E16,0) -> 0 | N16: {=IFERROR(K16*(1+IFERROR(_xlfn.SWITCH(G16, $Q$10, $S$10, $Q$11, $S$11, $Q$12, $S$12, $Q$13, $S$13, $Q$14, $S$14, $Q$15, $S$15, $Q$16, $S$16, $Q$17, $S$17, $Q$18, $S$18,$Q$19,$S$19,$Q$20,$S$20,$Q$21,$S$21,$Q$22,$S$22,$Q$23,$S$23,$Q$24,$S$24), $S$10))*bp, 0)} -> 0 | O16: =IFERROR(N16*E16,0) -> 0 | Q16: Others | R16: 0 | S16: =isaas -> 0.1383 | U16: Gamification | V16: ='Opp Name'!$E$6 -> 0 | W16: =SUMIF('Opp Name'!$F:$F,Table14[[#This Row],[Group]],'Opp Name'!$I:$I) -> 0 | X16: =W16/V16 -> #DIV/0! | Y16: =SUMIF('Opp Name'!$F:$F,Table14[[#This Row],[Group]],'Opp Name'!$M:$M) -> 0 | Z16: =Y16/V16 -> #DIV/0!
B17: 12 | I17: =H17*E17 -> 0 | J17: {=IFERROR(_xlfn.SWITCH(G17, $Q$10, $R$10, $Q$11, $R$11, $Q$12, $R$12, $Q$13, $R$13, $Q$14, $R$14, $Q$15, $R$15, $Q$16, $R$16, $Q$17, $R$17, $Q$18, $R$18,$Q$19,$R$19,$Q$20,$R$20,$Q$21,$R$21,$Q$22,$R$22,$Q$23,$R$23,$Q$24,$R$24), 0)} -> 0 | K17: =IFERROR(H17*(1-J17),0) -> 0 | L17: =IFERROR(K17*E17,0)/$L$5 -> 0 | M17: =IFERROR(K17*E17,0) -> 0 | N17: {=IFERROR(K17*(1+IFERROR(_xlfn.SWITCH(G17, $Q$10, $S$10, $Q$11, $S$11, $Q$12, $S$12, $Q$13, $S$13, $Q$14, $S$14, $Q$15, $S$15, $Q$16, $S$16, $Q$17, $S$17, $Q$18, $S$18,$Q$19,$S$19,$Q$20,$S$20,$Q$21,$S$21,$Q$22,$S$22,$Q$23,$S$23,$Q$24,$S$24), $S$10))*bp, 0)} -> 0 | O17: =IFERROR(N17*E17,0) -> 0 | Q17: 3rd Party | R17: 0 | S17: =isaas -> 0.1383 | U17: VAH | V17: ='Opp Name'!$E$6 -> 0 | W17: =SUMIF('Opp Name'!$F:$F,Table14[[#This Row],[Group]],'Opp Name'!$I:$I) -> 0 | X17: =W17/V17 -> #DIV/0! | Y17: =SUMIF('Opp Name'!$F:$F,Table14[[#This Row],[Group]],'Opp Name'!$M:$M) -> 0 | Z17: =Y17/V17 -> #DIV/0!
B18: 13 | I18: =H18*E18 -> 0 | J18: {=IFERROR(_xlfn.SWITCH(G18, $Q$10, $R$10, $Q$11, $R$11, $Q$12, $R$12, $Q$13, $R$13, $Q$14, $R$14, $Q$15, $R$15, $Q$16, $R$16, $Q$17, $R$17, $Q$18, $R$18,$Q$19,$R$19,$Q$20,$R$20,$Q$21,$R$21,$Q$22,$R$22,$Q$23,$R$23,$Q$24,$R$24), 0)} -> 0 | K18: =IFERROR(H18*(1-J18),0) -> 0 | L18: =IFERROR(K18*E18,0)/$L$5 -> 0 | M18: =IFERROR(K18*E18,0) -> 0 | N18: {=IFERROR(K18*(1+IFERROR(_xlfn.SWITCH(G18, $Q$10, $S$10, $Q$11, $S$11, $Q$12, $S$12, $Q$13, $S$13, $Q$14, $S$14, $Q$15, $S$15, $Q$16, $S$16, $Q$17, $S$17, $Q$18, $S$18,$Q$19,$S$19,$Q$20,$S$20,$Q$21,$S$21,$Q$22,$S$22,$Q$23,$S$23,$Q$24,$S$24), $S$10))*bp, 0)} -> 0 | O18: =IFERROR(N18*E18,0) -> 0 | Q18: Training and Onboarding | R18: 0 | S18: =iserv -> 0.0701 | U18: CRM | V18: ='Opp Name'!$E$6 -> 0 | W18: =SUMIF('Opp Name'!$F:$F,Table14[[#This Row],[Group]],'Opp Name'!$I:$I) -> 0 | X18: =W18/V18 -> #DIV/0! | Y18: =SUMIF('Opp Name'!$F:$F,Table14[[#This Row],[Group]],'Opp Name'!$M:$M) -> 0 | Z18: =Y18/V18 -> #DIV/0!
B19: 14 | I19: =H19*E19 -> 0 | J19: {=IFERROR(_xlfn.SWITCH(G19, $Q$10, $R$10, $Q$11, $R$11, $Q$12, $R$12, $Q$13, $R$13, $Q$14, $R$14, $Q$15, $R$15, $Q$16, $R$16, $Q$17, $R$17, $Q$18, $R$18,$Q$19,$R$19,$Q$20,$R$20,$Q$21,$R$21,$Q$22,$R$22,$Q$23,$R$23,$Q$24,$R$24), 0)} -> 0 | K19: =IFERROR(H19*(1-J19),0) -> 0 | L19: =IFERROR(K19*E19,0)/$L$5 -> 0 | M19: =IFERROR(K19*E19,0) -> 0 | N19: {=IFERROR(K19*(1+IFERROR(_xlfn.SWITCH(G19, $Q$10, $S$10, $Q$11, $S$11, $Q$12, $S$12, $Q$13, $S$13, $Q$14, $S$14, $Q$15, $S$15, $Q$16, $S$16, $Q$17, $S$17, $Q$18, $S$18,$Q$19,$S$19,$Q$20,$S$20,$Q$21,$S$21,$Q$22,$S$22,$Q$23,$S$23,$Q$24,$S$24), $S$10))*bp, 0)} -> 0 | O19: =IFERROR(N19*E19,0) -> 0 | Q19: Connectivity MRC | R19: 0 | S19: =iconn -> 0.11 | U19: Add-on | V19: ='Opp Name'!$E$6 -> 0 | W19: =SUMIF('Opp Name'!$F:$F,Table14[[#This Row],[Group]],'Opp Name'!$I:$I) -> 0 | X19: =W19/V19 -> #DIV/0! | Y19: =SUMIF('Opp Name'!$F:$F,Table14[[#This Row],[Group]],'Opp Name'!$M:$M) -> 0 | Z19: =Y19/V19 -> #DIV/0!
B20: 15 | I20: =H20*E20 -> 0 | J20: {=IFERROR(_xlfn.SWITCH(G20, $Q$10, $R$10, $Q$11, $R$11, $Q$12, $R$12, $Q$13, $R$13, $Q$14, $R$14, $Q$15, $R$15, $Q$16, $R$16, $Q$17, $R$17, $Q$18, $R$18,$Q$19,$R$19,$Q$20,$R$20,$Q$21,$R$21,$Q$22,$R$22,$Q$23,$R$23,$Q$24,$R$24), 0)} -> 0 | K20: =IFERROR(H20*(1-J20),0) -> 0 | L20: =IFERROR(K20*E20,0)/$L$5 -> 0 | M20: =IFERROR(K20*E20,0) -> 0 | N20: {=IFERROR(K20*(1+IFERROR(_xlfn.SWITCH(G20, $Q$10, $S$10, $Q$11, $S$11, $Q$12, $S$12, $Q$13, $S$13, $Q$14, $S$14, $Q$15, $S$15, $Q$16, $S$16, $Q$17, $S$17, $Q$18, $S$18,$Q$19,$S$19,$Q$20,$S$20,$Q$21,$S$21,$Q$22,$S$22,$Q$23,$S$23,$Q$24,$S$24), $S$10))*bp, 0)} -> 0 | O20: =IFERROR(N20*E20,0) -> 0 | Q20: Connectivity NRC | R20: 0 | S20: =iconn -> 0.11 | U20: Others | V20: ='Opp Name'!$E$6 -> 0 | W20: =SUMIF('Opp Name'!$F:$F,Table14[[#This Row],[Group]],'Opp Name'!$I:$I) -> 0 | X20: =W20/V20 -> #DIV/0! | Y20: =SUMIF('Opp Name'!$F:$F,Table14[[#This Row],[Group]],'Opp Name'!$M:$M) -> 0 | Z20: =Y20/V20 -> #DIV/0!
B21: 16 | I21: =H21*E21 -> 0 | J21: {=IFERROR(_xlfn.SWITCH(G21, $Q$10, $R$10, $Q$11, $R$11, $Q$12, $R$12, $Q$13, $R$13, $Q$14, $R$14, $Q$15, $R$15, $Q$16, $R$16, $Q$17, $R$17, $Q$18, $R$18,$Q$19,$R$19,$Q$20,$R$20,$Q$21,$R$21,$Q$22,$R$22,$Q$23,$R$23,$Q$24,$R$24), 0)} -> 0 | K21: =IFERROR(H21*(1-J21),0) -> 0 | L21: =IFERROR(K21*E21,0)/$L$5 -> 0 | M21: =IFERROR(K21*E21,0) -> 0 | N21: {=IFERROR(K21*(1+IFERROR(_xlfn.SWITCH(G21, $Q$10, $S$10, $Q$11, $S$11, $Q$12, $S$12, $Q$13, $S$13, $Q$14, $S$14, $Q$15, $S$15, $Q$16, $S$16, $Q$17, $S$17, $Q$18, $S$18,$Q$19,$S$19,$Q$20,$S$20,$Q$21,$S$21,$Q$22,$S$22,$Q$23,$S$23,$Q$24,$S$24), $S$10))*bp, 0)} -> 0 | O21: =IFERROR(N21*E21,0) -> 0 | Q21: Usage | R21: 0 | S21: =isaas -> 0.1383 | T21: #0C769E | V21: ='Opp Name'!$E$6 -> 0 | W21: =SUMIF('Opp Name'!$F:$F,Table14[[#This Row],[Group]],'Opp Name'!$I:$I) -> 0 | X21: =W21/V21 -> #DIV/0! | Y21: =SUMIF('Opp Name'!$F:$F,Table14[[#This Row],[Group]],'Opp Name'!$M:$M) -> 0 | Z21: =Y21/V21 -> #DIV/0!
B22: 17 | I22: =H22*E22 -> 0 | J22: {=IFERROR(_xlfn.SWITCH(G22, $Q$10, $R$10, $Q$11, $R$11, $Q$12, $R$12, $Q$13, $R$13, $Q$14, $R$14, $Q$15, $R$15, $Q$16, $R$16, $Q$17, $R$17, $Q$18, $R$18,$Q$19,$R$19,$Q$20,$R$20,$Q$21,$R$21,$Q$22,$R$22,$Q$23,$R$23,$Q$24,$R$24), 0)} -> 0 | K22: =IFERROR(H22*(1-J22),0) -> 0 | L22: =IFERROR(K22*E22,0)/$L$5 -> 0 | M22: =IFERROR(K22*E22,0) -> 0 | N22: {=IFERROR(K22*(1+IFERROR(_xlfn.SWITCH(G22, $Q$10, $S$10, $Q$11, $S$11, $Q$12, $S$12, $Q$13, $S$13, $Q$14, $S$14, $Q$15, $S$15, $Q$16, $S$16, $Q$17, $S$17, $Q$18, $S$18,$Q$19,$S$19,$Q$20,$S$20,$Q$21,$S$21,$Q$22,$S$22,$Q$23,$S$23,$Q$24,$S$24), $S$10))*bp, 0)} -> 0 | O22: =IFERROR(N22*E22,0) -> 0 | Q22: Schedule B | R22: 0 | S22: =isaas -> 0.1383 | T22: #92D050 | V22: ='Opp Name'!$E$6 -> 0 | W22: =SUMIF('Opp Name'!$F:$F,Table14[[#This Row],[Group]],'Opp Name'!$I:$I) -> 0 | X22: =W22/V22 -> #DIV/0! | Y22: =SUMIF('Opp Name'!$F:$F,Table14[[#This Row],[Group]],'Opp Name'!$M:$M) -> 0 | Z22: =Y22/V22 -> #DIV/0!
B23: 18 | I23: =H23*E23 -> 0 | J23: {=IFERROR(_xlfn.SWITCH(G23, $Q$10, $R$10, $Q$11, $R$11, $Q$12, $R$12, $Q$13, $R$13, $Q$14, $R$14, $Q$15, $R$15, $Q$16, $R$16, $Q$17, $R$17, $Q$18, $R$18,$Q$19,$R$19,$Q$20,$R$20,$Q$21,$R$21,$Q$22,$R$22,$Q$23,$R$23,$Q$24,$R$24), 0)} -> 0 | K23: =IFERROR(H23*(1-J23),0) -> 0 | L23: =IFERROR(K23*E23,0)/$L$5 -> 0 | M23: =IFERROR(K23*E23,0) -> 0 | N23: {=IFERROR(K23*(1+IFERROR(_xlfn.SWITCH(G23, $Q$10, $S$10, $Q$11, $S$11, $Q$12, $S$12, $Q$13, $S$13, $Q$14, $S$14, $Q$15, $S$15, $Q$16, $S$16, $Q$17, $S$17, $Q$18, $S$18,$Q$19,$S$19,$Q$20,$S$20,$Q$21,$S$21,$Q$22,$S$22,$Q$23,$S$23,$Q$24,$S$24), $S$10))*bp, 0)} -> 0 | O23: =IFERROR(N23*E23,0) -> 0 | Q23: Storage | R23: 0 | S23: =isaas -> 0.1383 | T23: #E49EDD | V23: ='Opp Name'!$E$6 -> 0 | W23: =SUMIF('Opp Name'!$F:$F,Table14[[#This Row],[Group]],'Opp Name'!$I:$I) -> 0 | X23: =W23/V23 -> #DIV/0! | Y23: =SUMIF('Opp Name'!$F:$F,Table14[[#This Row],[Group]],'Opp Name'!$M:$M) -> 0 | Z23: =Y23/V23 -> #DIV/0!
B24: 19 | I24: =H24*E24 -> 0 | J24: {=IFERROR(_xlfn.SWITCH(G24, $Q$10, $R$10, $Q$11, $R$11, $Q$12, $R$12, $Q$13, $R$13, $Q$14, $R$14, $Q$15, $R$15, $Q$16, $R$16, $Q$17, $R$17, $Q$18, $R$18,$Q$19,$R$19,$Q$20,$R$20,$Q$21,$R$21,$Q$22,$R$22,$Q$23,$R$23,$Q$24,$R$24), 0)} -> 0 | K24: =IFERROR(H24*(1-J24),0) -> 0 | L24: =IFERROR(K24*E24,0)/$L$5 -> 0 | M24: =IFERROR(K24*E24,0) -> 0 | N24: {=IFERROR(K24*(1+IFERROR(_xlfn.SWITCH(G24, $Q$10, $S$10, $Q$11, $S$11, $Q$12, $S$12, $Q$13, $S$13, $Q$14, $S$14, $Q$15, $S$15, $Q$16, $S$16, $Q$17, $S$17, $Q$18, $S$18,$Q$19,$S$19,$Q$20,$S$20,$Q$21,$S$21,$Q$22,$S$22,$Q$23,$S$23,$Q$24,$S$24), $S$10))*bp, 0)} -> 0 | O24: =IFERROR(N24*E24,0) -> 0 | R24: 0 | S24: =isaas -> 0.1383 | U24: Total | W24: =SUBTOTAL(109,Table14[List Price BRL]) -> 0 | Y24: =SUBTOTAL(109,Table14[Discounted Price BRL]) -> 0
B25: 20 | I25: =H25*E25 -> 0 | J25: {=IFERROR(_xlfn.SWITCH(G25, $Q$10, $R$10, $Q$11, $R$11, $Q$12, $R$12, $Q$13, $R$13, $Q$14, $R$14, $Q$15, $R$15, $Q$16, $R$16, $Q$17, $R$17, $Q$18, $R$18,$Q$19,$R$19,$Q$20,$R$20,$Q$21,$R$21,$Q$22,$R$22,$Q$23,$R$23,$Q$24,$R$24), 0)} -> 0 | K25: =IFERROR(H25*(1-J25),0) -> 0 | L25: =IFERROR(K25*E25,0)/$L$5 -> 0 | M25: =IFERROR(K25*E25,0) -> 0 | N25: {=IFERROR(K25*(1+IFERROR(_xlfn.SWITCH(G25, $Q$10, $S$10, $Q$11, $S$11, $Q$12, $S$12, $Q$13, $S$13, $Q$14, $S$14, $Q$15, $S$15, $Q$16, $S$16, $Q$17, $S$17, $Q$18, $S$18,$Q$19,$S$19,$Q$20,$S$20,$Q$21,$S$21,$Q$22,$S$22,$Q$23,$S$23,$Q$24,$S$24), $S$10))*bp, 0)} -> 0 | O25: =IFERROR(N25*E25,0) -> 0
B26: 21 | I26: =H26*E26 -> 0 | J26: {=IFERROR(_xlfn.SWITCH(G26, $Q$10, $R$10, $Q$11, $R$11, $Q$12, $R$12, $Q$13, $R$13, $Q$14, $R$14, $Q$15, $R$15, $Q$16, $R$16, $Q$17, $R$17, $Q$18, $R$18,$Q$19,$R$19,$Q$20,$R$20,$Q$21,$R$21,$Q$22,$R$22,$Q$23,$R$23,$Q$24,$R$24), 0)} -> 0 | K26: =IFERROR(H26*(1-J26),0) -> 0 | L26: =IFERROR(K26*E26,0)/$L$5 -> 0 | M26: =IFERROR(K26*E26,0) -> 0 | N26: {=IFERROR(K26*(1+IFERROR(_xlfn.SWITCH(G26, $Q$10, $S$10, $Q$11, $S$11, $Q$12, $S$12, $Q$13, $S$13, $Q$14, $S$14, $Q$15, $S$15, $Q$16, $S$16, $Q$17, $S$17, $Q$18, $S$18,$Q$19,$S$19,$Q$20,$S$20,$Q$21,$S$21,$Q$22,$S$22,$Q$23,$S$23,$Q$24,$S$24), $S$10))*bp, 0)} -> 0 | O26: =IFERROR(N26*E26,0) -> 0
I27: =SUM(I6:I26) -> 0 | L27: =SUM(L6:L26) -> 0 | M27: =SUM(M6:M26) -> 0 | O27: =SUM(O6:O26) -> 0
L28: =L27/E6 -> #DIV/0!
B29: SOFTWARE USAGE PRODUCTS | H29: PRICE LIST | J29: FOB NET PRICE | N29: SELL PRICE (WITH TAXES)
B30: # | C30: Product | D30: SKU | E30: Quantity | F30: Group | G30: Prod Category Discount | H30: Unit Partner Price | I30: Total Partner Price | J30: Additional Discount | K30: Unit Price (FOB) | L30: =$L$5 -> 5.8 | M30: FOB NET | N30: Unit Sell Price | O30: Total Sell Price
B31: 1 | I31: =H31*E31 -> 0 | J31: {=IFERROR(_xlfn.SWITCH(G31, $Q$10, $R$10, $Q$11, $R$11, $Q$12, $R$12, $Q$13, $R$13, $Q$14, $R$14, $Q$15, $R$15, $Q$16, $R$16, $Q$17, $R$17, $Q$18, $R$18,$Q$19,$R$19,$Q$20,$R$20,$Q$21,$R$21,$Q$22,$R$22,$Q$23,$R$23,$Q$24,$R$24), 0)} -> 0 | K31: =IFERROR(H31*(1-J31),0) -> 0 | L31: =IFERROR(K31*E31,0)/$L$5 -> 0 | M31: =IFERROR(K31*E31,0) -> 0 | N31: {=IFERROR(K31*(1+IFERROR(_xlfn.SWITCH(G31, $Q$10, $S$10, $Q$11, $S$11, $Q$12, $S$12, $Q$13, $S$13, $Q$14, $S$14, $Q$15, $S$15, $Q$16, $S$16, $Q$17, $S$17, $Q$18, $S$18,$Q$19,$S$19,$Q$20,$S$20,$Q$21,$S$21,$Q$22,$S$22,$Q$23,$S$23,$Q$24,$S$24), $S$10))*bp, 0)} -> 0 | O31: =IFERROR(N31*E31,0) -> 0
B32: 2 | I32: =H32*E32 -> 0 | J32: {=IFERROR(_xlfn.SWITCH(G32, $Q$10, $R$10, $Q$11, $R$11, $Q$12, $R$12, $Q$13, $R$13, $Q$14, $R$14, $Q$15, $R$15, $Q$16, $R$16, $Q$17, $R$17, $Q$18, $R$18,$Q$19,$R$19,$Q$20,$R$20,$Q$21,$R$21,$Q$22,$R$22,$Q$23,$R$23,$Q$24,$R$24), 0)} -> 0 | K32: =IFERROR(H32*(1-J32),0) -> 0 | L32: =IFERROR(K32*E32,0)/$L$5 -> 0 | M32: =IFERROR(K32*E32,0) -> 0 | N32: {=IFERROR(K32*(1+IFERROR(_xlfn.SWITCH(G32, $Q$10, $S$10, $Q$11, $S$11, $Q$12, $S$12, $Q$13, $S$13, $Q$14, $S$14, $Q$15, $S$15, $Q$16, $S$16, $Q$17, $S$17, $Q$18, $S$18,$Q$19,$S$19,$Q$20,$S$20,$Q$21,$S$21,$Q$22,$S$22,$Q$23,$S$23,$Q$24,$S$24), $S$10))*bp, 0)} -> 0 | O32: =IFERROR(N32*E32,0) -> 0
B33: 3 | I33: =H33*E33 -> 0 | J33: {=IFERROR(_xlfn.SWITCH(G33, $Q$10, $R$10, $Q$11, $R$11, $Q$12, $R$12, $Q$13, $R$13, $Q$14, $R$14, $Q$15, $R$15, $Q$16, $R$16, $Q$17, $R$17, $Q$18, $R$18,$Q$19,$R$19,$Q$20,$R$20,$Q$21,$R$21,$Q$22,$R$22,$Q$23,$R$23,$Q$24,$R$24), 0)} -> 0 | K33: =IFERROR(H33*(1-J33),0) -> 0 | L33: =IFERROR(K33*E33,0)/$L$5 -> 0 | M33: =IFERROR(K33*E33,0) -> 0 | N33: {=IFERROR(K33*(1+IFERROR(_xlfn.SWITCH(G33, $Q$10, $S$10, $Q$11, $S$11, $Q$12, $S$12, $Q$13, $S$13, $Q$14, $S$14, $Q$15, $S$15, $Q$16, $S$16, $Q$17, $S$17, $Q$18, $S$18,$Q$19,$S$19,$Q$20,$S$20,$Q$21,$S$21,$Q$22,$S$22,$Q$23,$S$23,$Q$24,$S$24), $S$10))*bp, 0)} -> 0 | O33: =IFERROR(N33*E33,0) -> 0
B34: 4 | I34: =H34*E34 -> 0 | J34: {=IFERROR(_xlfn.SWITCH(G34, $Q$10, $R$10, $Q$11, $R$11, $Q$12, $R$12, $Q$13, $R$13, $Q$14, $R$14, $Q$15, $R$15, $Q$16, $R$16, $Q$17, $R$17, $Q$18, $R$18,$Q$19,$R$19,$Q$20,$R$20,$Q$21,$R$21,$Q$22,$R$22,$Q$23,$R$23,$Q$24,$R$24), 0)} -> 0 | K34: =IFERROR(H34*(1-J34),0) -> 0 | L34: =IFERROR(K34*E34,0)/$L$5 -> 0 | M34: =IFERROR(K34*E34,0) -> 0 | N34: {=IFERROR(K34*(1+IFERROR(_xlfn.SWITCH(G34, $Q$10, $S$10, $Q$11, $S$11, $Q$12, $S$12, $Q$13, $S$13, $Q$14, $S$14, $Q$15, $S$15, $Q$16, $S$16, $Q$17, $S$17, $Q$18, $S$18,$Q$19,$S$19,$Q$20,$S$20,$Q$21,$S$21,$Q$22,$S$22,$Q$23,$S$23,$Q$24,$S$24), $S$10))*bp, 0)} -> 0 | O34: =IFERROR(N34*E34,0) -> 0
B35: 5 | I35: =H35*E35 -> 0 | J35: {=IFERROR(_xlfn.SWITCH(G35, $Q$10, $R$10, $Q$11, $R$11, $Q$12, $R$12, $Q$13, $R$13, $Q$14, $R$14, $Q$15, $R$15, $Q$16, $R$16, $Q$17, $R$17, $Q$18, $R$18,$Q$19,$R$19,$Q$20,$R$20,$Q$21,$R$21,$Q$22,$R$22,$Q$23,$R$23,$Q$24,$R$24), 0)} -> 0 | K35: =IFERROR(H35*(1-J35),0) -> 0 | L35: =IFERROR(K35*E35,0)/$L$5 -> 0 | M35: =IFERROR(K35*E35,0) -> 0 | N35: {=IFERROR(K35*(1+IFERROR(_xlfn.SWITCH(G35, $Q$10, $S$10, $Q$11, $S$11, $Q$12, $S$12, $Q$13, $S$13, $Q$14, $S$14, $Q$15, $S$15, $Q$16, $S$16, $Q$17, $S$17, $Q$18, $S$18,$Q$19,$S$19,$Q$20,$S$20,$Q$21,$S$21,$Q$22,$S$22,$Q$23,$S$23,$Q$24,$S$24), $S$10))*bp, 0)} -> 0 | O35: =IFERROR(N35*E35,0) -> 0
B36: 6 | I36: =H36*E36 -> 0 | J36: {=IFERROR(_xlfn.SWITCH(G36, $Q$10, $R$10, $Q$11, $R$11, $Q$12, $R$12, $Q$13, $R$13, $Q$14, $R$14, $Q$15, $R$15, $Q$16, $R$16, $Q$17, $R$17, $Q$18, $R$18,$Q$19,$R$19,$Q$20,$R$20,$Q$21,$R$21,$Q$22,$R$22,$Q$23,$R$23,$Q$24,$R$24), 0)} -> 0 | K36: =IFERROR(H36*(1-J36),0) -> 0 | L36: =IFERROR(K36*E36,0)/$L$5 -> 0 | M36: =IFERROR(K36*E36,0) -> 0 | N36: {=IFERROR(K36*(1+IFERROR(_xlfn.SWITCH(G36, $Q$10, $S$10, $Q$11, $S$11, $Q$12, $S$12, $Q$13, $S$13, $Q$14, $S$14, $Q$15, $S$15, $Q$16, $S$16, $Q$17, $S$17, $Q$18, $S$18,$Q$19,$S$19,$Q$20,$S$20,$Q$21,$S$21,$Q$22,$S$22,$Q$23,$S$23,$Q$24,$S$24), $S$10))*bp, 0)} -> 0 | O36: =IFERROR(N36*E36,0) -> 0
B37: 7 | I37: =H37*E37 -> 0 | J37: {=IFERROR(_xlfn.SWITCH(G37, $Q$10, $R$10, $Q$11, $R$11, $Q$12, $R$12, $Q$13, $R$13, $Q$14, $R$14, $Q$15, $R$15, $Q$16, $R$16, $Q$17, $R$17, $Q$18, $R$18,$Q$19,$R$19,$Q$20,$R$20,$Q$21,$R$21,$Q$22,$R$22,$Q$23,$R$23,$Q$24,$R$24), 0)} -> 0 | K37: =IFERROR(H37*(1-J37),0) -> 0 | L37: =IFERROR(K37*E37,0)/$L$5 -> 0 | M37: =IFERROR(K37*E37,0) -> 0 | N37: {=IFERROR(K37*(1+IFERROR(_xlfn.SWITCH(G37, $Q$10, $S$10, $Q$11, $S$11, $Q$12, $S$12, $Q$13, $S$13, $Q$14, $S$14, $Q$15, $S$15, $Q$16, $S$16, $Q$17, $S$17, $Q$18, $S$18,$Q$19,$S$19,$Q$20,$S$20,$Q$21,$S$21,$Q$22,$S$22,$Q$23,$S$23,$Q$24,$S$24), $S$10))*bp, 0)} -> 0 | O37: =IFERROR(N37*E37,0) -> 0
B38: 8 | I38: =H38*E38 -> 0 | J38: {=IFERROR(_xlfn.SWITCH(G38, $Q$10, $R$10, $Q$11, $R$11, $Q$12, $R$12, $Q$13, $R$13, $Q$14, $R$14, $Q$15, $R$15, $Q$16, $R$16, $Q$17, $R$17, $Q$18, $R$18,$Q$19,$R$19,$Q$20,$R$20,$Q$21,$R$21,$Q$22,$R$22,$Q$23,$R$23,$Q$24,$R$24), 0)} -> 0 | K38: =IFERROR(H38*(1-J38),0) -> 0 | L38: =IFERROR(K38*E38,0)/$L$5 -> 0 | M38: =IFERROR(K38*E38,0) -> 0 | N38: {=IFERROR(K38*(1+IFERROR(_xlfn.SWITCH(G38, $Q$10, $S$10, $Q$11, $S$11, $Q$12, $S$12, $Q$13, $S$13, $Q$14, $S$14, $Q$15, $S$15, $Q$16, $S$16, $Q$17, $S$17, $Q$18, $S$18,$Q$19,$S$19,$Q$20,$S$20,$Q$21,$S$21,$Q$22,$S$22,$Q$23,$S$23,$Q$24,$S$24), $S$10))*bp, 0)} -> 0 | O38: =IFERROR(N38*E38,0) -> 0
B39: 9 | I39: =H39*E39 -> 0 | J39: {=IFERROR(_xlfn.SWITCH(G39, $Q$10, $R$10, $Q$11, $R$11, $Q$12, $R$12, $Q$13, $R$13, $Q$14, $R$14, $Q$15, $R$15, $Q$16, $R$16, $Q$17, $R$17, $Q$18, $R$18,$Q$19,$R$19,$Q$20,$R$20,$Q$21,$R$21,$Q$22,$R$22,$Q$23,$R$23,$Q$24,$R$24), 0)} -> 0 | K39: =IFERROR(H39*(1-J39),0) -> 0 | L39: =IFERROR(K39*E39,0)/$L$5 -> 0 | M39: =IFERROR(K39*E39,0) -> 0 | N39: {=IFERROR(K39*(1+IFERROR(_xlfn.SWITCH(G39, $Q$10, $S$10, $Q$11, $S$11, $Q$12, $S$12, $Q$13, $S$13, $Q$14, $S$14, $Q$15, $S$15, $Q$16, $S$16, $Q$17, $S$17, $Q$18, $S$18,$Q$19,$S$19,$Q$20,$S$20,$Q$21,$S$21,$Q$22,$S$22,$Q$23,$S$23,$Q$24,$S$24), $S$10))*bp, 0)} -> 0 | O39: =IFERROR(N39*E39,0) -> 0
B40: 10 | I40: =H40*E40 -> 0 | J40: {=IFERROR(_xlfn.SWITCH(G40, $Q$10, $R$10, $Q$11, $R$11, $Q$12, $R$12, $Q$13, $R$13, $Q$14, $R$14, $Q$15, $R$15, $Q$16, $R$16, $Q$17, $R$17, $Q$18, $R$18,$Q$19,$R$19,$Q$20,$R$20,$Q$21,$R$21,$Q$22,$R$22,$Q$23,$R$23,$Q$24,$R$24), 0)} -> 0 | K40: =IFERROR(H40*(1-J40),0) -> 0 | L40: =IFERROR(K40*E40,0)/$L$5 -> 0 | M40: =IFERROR(K40*E40,0) -> 0 | N40: {=IFERROR(K40*(1+IFERROR(_xlfn.SWITCH(G40, $Q$10, $S$10, $Q$11, $S$11, $Q$12, $S$12, $Q$13, $S$13, $Q$14, $S$14, $Q$15, $S$15, $Q$16, $S$16, $Q$17, $S$17, $Q$18, $S$18,$Q$19,$S$19,$Q$20,$S$20,$Q$21,$S$21,$Q$22,$S$22,$Q$23,$S$23,$Q$24,$S$24), $S$10))*bp, 0)} -> 0 | O40: =IFERROR(N40*E40,0) -> 0
B41: 11 | I41: =H41*E41 -> 0 | J41: {=IFERROR(_xlfn.SWITCH(G41, $Q$10, $R$10, $Q$11, $R$11, $Q$12, $R$12, $Q$13, $R$13, $Q$14, $R$14, $Q$15, $R$15, $Q$16, $R$16, $Q$17, $R$17, $Q$18, $R$18,$Q$19,$R$19,$Q$20,$R$20,$Q$21,$R$21,$Q$22,$R$22,$Q$23,$R$23,$Q$24,$R$24), 0)} -> 0 | K41: =IFERROR(H41*(1-J41),0) -> 0 | L41: =IFERROR(K41*E41,0)/$L$5 -> 0 | M41: =IFERROR(K41*E41,0) -> 0 | N41: {=IFERROR(K41*(1+IFERROR(_xlfn.SWITCH(G41, $Q$10, $S$10, $Q$11, $S$11, $Q$12, $S$12, $Q$13, $S$13, $Q$14, $S$14, $Q$15, $S$15, $Q$16, $S$16, $Q$17, $S$17, $Q$18, $S$18,$Q$19,$S$19,$Q$20,$S$20,$Q$21,$S$21,$Q$22,$S$22,$Q$23,$S$23,$Q$24,$S$24), $S$10))*bp, 0)} -> 0 | O41: =IFERROR(N41*E41,0) -> 0
B42: 12 | I42: =H42*E42 -> 0 | J42: {=IFERROR(_xlfn.SWITCH(G42, $Q$10, $R$10, $Q$11, $R$11, $Q$12, $R$12, $Q$13, $R$13, $Q$14, $R$14, $Q$15, $R$15, $Q$16, $R$16, $Q$17, $R$17, $Q$18, $R$18,$Q$19,$R$19,$Q$20,$R$20,$Q$21,$R$21,$Q$22,$R$22,$Q$23,$R$23,$Q$24,$R$24), 0)} -> 0 | K42: =IFERROR(H42*(1-J42),0) -> 0 | L42: =IFERROR(K42*E42,0)/$L$5 -> 0 | M42: =IFERROR(K42*E42,0) -> 0 | N42: {=IFERROR(K42*(1+IFERROR(_xlfn.SWITCH(G42, $Q$10, $S$10, $Q$11, $S$11, $Q$12, $S$12, $Q$13, $S$13, $Q$14, $S$14, $Q$15, $S$15, $Q$16, $S$16, $Q$17, $S$17, $Q$18, $S$18,$Q$19,$S$19,$Q$20,$S$20,$Q$21,$S$21,$Q$22,$S$22,$Q$23,$S$23,$Q$24,$S$24), $S$10))*bp, 0)} -> 0 | O42: =IFERROR(N42*E42,0) -> 0
... B44: 14 | I44: =H44*E44 -> 0 | J44: {=IFERROR(_xlfn.SWITCH(G44, $Q$10, $R$10, $Q$11, $R$11, $Q$12, $R$12, $Q$13, $R$13, $Q$14, $R$14, $Q$15, $R$15, $Q$16, $R$16, $Q$17, $R$17, $Q$18, $R$18,$Q$19,$R$19,$Q$20,$R$20,$Q$21,$R$21,$Q$22,$R$22,$Q$23,$R$23,$Q$24,$R$24), 0)} -> 0 | K44: =IFERROR(H44*(1-J44),0) -> 0 | L44: =IFERROR(K44*E44,0)/$L$5 -> 0 | M44: =IFERROR(K44*E44,0) -> 0 | N44: {=IFERROR(K44*(1+IFERROR(_xlfn.SWITCH(G44, $Q$10, $S$10, $Q$11, $S$11, $Q$12, $S$12, $Q$13, $S$13, $Q$14, $S$14, $Q$15, $S$15, $Q$16, $S$16, $Q$17, $S$17, $Q$18, $S$18,$Q$19,$S$19,$Q$20,$S$20,$Q$21,$S$21,$Q$22,$S$22,$Q$23,$S$23,$Q$24,$S$24), $S$10))*bp, 0)} -> 0 | O44: =IFERROR(N44*E44,0) -> 0
I45: =SUM(I31:I44) -> 0 | L45: =SUM(L31:L44) -> 0 | M45: =SUM(M31:M44) -> 0 | O45: =SUM(O31:O44) -> 0
B47: USAGE SCHEDULE B | H47: PRICE LIST | J47: FOB NET PRICE | N47: SELL PRICE (WITH TAXES)
B48: # | C48: Product | E48: Quantity | F48: Group | G48: Prod Category Discount | H48: Unit Partner Price | I48: Total Partner Price | J48: Additional Discount | K48: Atento Unit Price (FOB) | L48: =$L$5 -> 5.8 | M48: FOB NET | N48: Unit Sell Price | O48: Total Sell Price
B49: 1 | C49: Active Storage (Per GB) | D49: 309-2275-000-XX | F49: Others | G49: Schedule B | H49: 1.46 | I49: =H49*E49 -> 0 | J49: {=IFERROR(_xlfn.SWITCH(G49, $Q$10, $R$10, $Q$11, $R$11, $Q$12, $R$12, $Q$13, $R$13, $Q$14, $R$14, $Q$15, $R$15, $Q$16, $R$16, $Q$17, $R$17, $Q$18, $R$18,$Q$19,$R$19,$Q$20,$R$20,$Q$21,$R$21,$Q$22,$R$22,$Q$23,$R$23,$Q$24,$R$24), 0)} -> 0 | K49: =IFERROR(H49*(1-J49),0) -> 1.46 | L49: =IFERROR(K49*E49,0)/$L$5 -> 0 | M49: =IFERROR(K49*E49,0) -> 0 | N49: {=IFERROR(K49*(1+IFERROR(_xlfn.SWITCH(G49, $Q$10, $S$10, $Q$11, $S$11, $Q$12, $S$12, $Q$13, $S$13, $Q$14, $S$14, $Q$15, $S$15, $Q$16, $S$16, $Q$17, $S$17, $Q$18, $S$18,$Q$19,$S$19,$Q$20,$S$20,$Q$21,$S$21,$Q$22,$S$22,$Q$23,$S$23,$Q$24,$S$24), $S$10))*bp, 0)} -> 1.661918 | O49: =IFERROR(N49*E49,0) -> 0
B50: 2 | C50: Long Term Storage (per GB) | D50: 309-565-000-XX | F50: Others | G50: Schedule B | H50: 0.24 | I50: =H50*E50 -> 0 | J50: {=IFERROR(_xlfn.SWITCH(G50, $Q$10, $R$10, $Q$11, $R$11, $Q$12, $R$12, $Q$13, $R$13, $Q$14, $R$14, $Q$15, $R$15, $Q$16, $R$16, $Q$17, $R$17, $Q$18, $R$18,$Q$19,$R$19,$Q$20,$R$20,$Q$21,$R$21,$Q$22,$R$22,$Q$23,$R$23,$Q$24,$R$24), 0)} -> 0 | K50: =IFERROR(H50*(1-J50),0) -> 0.24 | L50: =IFERROR(K50*E50,0)/$L$5 -> 0 | M50: =IFERROR(K50*E50,0) -> 0 | N50: {=IFERROR(K50*(1+IFERROR(_xlfn.SWITCH(G50, $Q$10, $S$10, $Q$11, $S$11, $Q$12, $S$12, $Q$13, $S$13, $Q$14, $S$14, $Q$15, $S$15, $Q$16, $S$16, $Q$17, $S$17, $Q$18, $S$18,$Q$19,$S$19,$Q$20,$S$20,$Q$21,$S$21,$Q$22,$S$22,$Q$23,$S$23,$Q$24,$S$24), $S$10))*bp, 0)} -> 0.273192 | O50: =IFERROR(N50*E50,0) -> 0
B51: 3 | C51: Long Term Storage Retrieval (per GB) | D51: 309-566-000-XX | F51: Others | G51: Schedule B | H51: 3.45 | I51: =H51*E51 -> 0 | J51: {=IFERROR(_xlfn.SWITCH(G51, $Q$10, $R$10, $Q$11, $R$11, $Q$12, $R$12, $Q$13, $R$13, $Q$14, $R$14, $Q$15, $R$15, $Q$16, $R$16, $Q$17, $R$17, $Q$18, $R$18,$Q$19,$R$19,$Q$20,$R$20,$Q$21,$R$21,$Q$22,$R$22,$Q$23,$R$23,$Q$24,$R$24), 0)} -> 0 | K51: =IFERROR(H51*(1-J51),0) -> 3.45 | L51: =IFERROR(K51*E51,0)/$L$5 -> 0 | M51: =IFERROR(K51*E51,0) -> 0 | N51: {=IFERROR(K51*(1+IFERROR(_xlfn.SWITCH(G51, $Q$10, $S$10, $Q$11, $S$11, $Q$12, $S$12, $Q$13, $S$13, $Q$14, $S$14, $Q$15, $S$15, $Q$16, $S$16, $Q$17, $S$17, $Q$18, $S$18,$Q$19,$S$19,$Q$20,$S$20,$Q$21,$S$21,$Q$22,$S$22,$Q$23,$S$23,$Q$24,$S$24), $S$10))*bp, 0)} -> 3.927135 | O51: =IFERROR(N51*E51,0) -> 0
B52: 4 | C52: CXone Business Intelligence Viewer License (per Configured User) | D52: 3880-1606-000-XX | F52: Others | G52: Schedule B | H52: 13.66 | I52: =H52*E52 -> 0 | J52: {=IFERROR(_xlfn.SWITCH(G52, $Q$10, $R$10, $Q$11, $R$11, $Q$12, $R$12, $Q$13, $R$13, $Q$14, $R$14, $Q$15, $R$15, $Q$16, $R$16, $Q$17, $R$17, $Q$18, $R$18,$Q$19,$R$19,$Q$20,$R$20,$Q$21,$R$21,$Q$22,$R$22,$Q$23,$R$23,$Q$24,$R$24), 0)} -> 0 | K52: =IFERROR(H52*(1-J52),0) -> 13.66 | L52: =IFERROR(K52*E52,0)/$L$5 -> 0 | M52: =IFERROR(K52*E52,0) -> 0 | N52: {=IFERROR(K52*(1+IFERROR(_xlfn.SWITCH(G52, $Q$10, $S$10, $Q$11, $S$11, $Q$12, $S$12, $Q$13, $S$13, $Q$14, $S$14, $Q$15, $S$15, $Q$16, $S$16, $Q$17, $S$17, $Q$18, $S$18,$Q$19,$S$19,$Q$20,$S$20,$Q$21,$S$21,$Q$22,$S$22,$Q$23,$S$23,$Q$24,$S$24), $S$10))*bp, 0)} -> 15.549178 | O52: =IFERROR(N52*E52,0) -> 0
B53: 5 | C53: CXone Recording Export (per interaction) | D53: 4125-000-000-XX | F53: Others | G53: Schedule B | H53: 0.1 | I53: =H53*E53 -> 0 | J53: {=IFERROR(_xlfn.SWITCH(G53, $Q$10, $R$10, $Q$11, $R$11, $Q$12, $R$12, $Q$13, $R$13, $Q$14, $R$14, $Q$15, $R$15, $Q$16, $R$16, $Q$17, $R$17, $Q$18, $R$18,$Q$19,$R$19,$Q$20,$R$20,$Q$21,$R$21,$Q$22,$R$22,$Q$23,$R$23,$Q$24,$R$24), 0)} -> 0 | K53: =IFERROR(H53*(1-J53),0) -> 0.1 | M53: =IFERROR(K53*E53,0) -> 0 | N53: {=IFERROR(K53*(1+IFERROR(_xlfn.SWITCH(G53, $Q$10, $S$10, $Q$11, $S$11, $Q$12, $S$12, $Q$13, $S$13, $Q$14, $S$14, $Q$15, $S$15, $Q$16, $S$16, $Q$17, $S$17, $Q$18, $S$18,$Q$19,$S$19,$Q$20,$S$20,$Q$21,$S$21,$Q$22,$S$22,$Q$23,$S$23,$Q$24,$S$24), $S$10))*bp, 0)} -> 0.11383 | O53: =IFERROR(N53*E53,0) -> 0
B54: 6 | C54: Configured Universal Port (in excess of included Port(s)) | F54: Others | G54: Schedule B | H54: 183 | I54: =H54*E54 -> 0 | J54: {=IFERROR(_xlfn.SWITCH(G54, $Q$10, $R$10, $Q$11, $R$11, $Q$12, $R$12, $Q$13, $R$13, $Q$14, $R$14, $Q$15, $R$15, $Q$16, $R$16, $Q$17, $R$17, $Q$18, $R$18,$Q$19,$R$19,$Q$20,$R$20,$Q$21,$R$21,$Q$22,$R$22,$Q$23,$R$23,$Q$24,$R$24), 0)} -> 0 | K54: =IFERROR(H54*(1-J54),0) -> 183 | M54: =IFERROR(K54*E54,0) -> 0 | N54: {=IFERROR(K54*(1+IFERROR(_xlfn.SWITCH(G54, $Q$10, $S$10, $Q$11, $S$11, $Q$12, $S$12, $Q$13, $S$13, $Q$14, $S$14, $Q$15, $S$15, $Q$16, $S$16, $Q$17, $S$17, $Q$18, $S$18,$Q$19,$S$19,$Q$20,$S$20,$Q$21,$S$21,$Q$22,$S$22,$Q$23,$S$23,$Q$24,$S$24), $S$10))*bp, 0)} -> 208.3089 | O54: =IFERROR(N54*E54,0) -> 0
B55: 7 | I55: =H55*E55 -> 0 | J55: {=IFERROR(_xlfn.SWITCH(G55, $Q$10, $R$10, $Q$11, $R$11, $Q$12, $R$12, $Q$13, $R$13, $Q$14, $R$14, $Q$15, $R$15, $Q$16, $R$16, $Q$17, $R$17, $Q$18, $R$18,$Q$19,$R$19,$Q$20,$R$20,$Q$21,$R$21,$Q$22,$R$22,$Q$23,$R$23,$Q$24,$R$24), 0)} -> 0 | K55: =IFERROR(H55*(1-J55),0) -> 0 | M55: =IFERROR(K55*E55,0) -> 0 | N55: {=IFERROR(K55*(1+IFERROR(_xlfn.SWITCH(G55, $Q$10, $S$10, $Q$11, $S$11, $Q$12, $S$12, $Q$13, $S$13, $Q$14, $S$14, $Q$15, $S$15, $Q$16, $S$16, $Q$17, $S$17, $Q$18, $S$18,$Q$19,$S$19,$Q$20,$S$20,$Q$21,$S$21,$Q$22,$S$22,$Q$23,$S$23,$Q$24,$S$24), $S$10))*bp, 0)} -> 0 | O55: =IFERROR(N55*E55,0) -> 0
B56: 8 | I56: =H56*E56 -> 0 | J56: {=IFERROR(_xlfn.SWITCH(G56, $Q$10, $R$10, $Q$11, $R$11, $Q$12, $R$12, $Q$13, $R$13, $Q$14, $R$14, $Q$15, $R$15, $Q$16, $R$16, $Q$17, $R$17, $Q$18, $R$18,$Q$19,$R$19,$Q$20,$R$20,$Q$21,$R$21,$Q$22,$R$22,$Q$23,$R$23,$Q$24,$R$24), 0)} -> 0 | K56: =IFERROR(H56*(1-J56),0) -> 0 | M56: =IFERROR(K56*E56,0) -> 0 | N56: {=IFERROR(K56*(1+IFERROR(_xlfn.SWITCH(G56, $Q$10, $S$10, $Q$11, $S$11, $Q$12, $S$12, $Q$13, $S$13, $Q$14, $S$14, $Q$15, $S$15, $Q$16, $S$16, $Q$17, $S$17, $Q$18, $S$18,$Q$19,$S$19,$Q$20,$S$20,$Q$21,$S$21,$Q$22,$S$22,$Q$23,$S$23,$Q$24,$S$24), $S$10))*bp, 0)} -> 0 | O56: =IFERROR(N56*E56,0) -> 0
B57: 9 | I57: =H57*E57 -> 0 | J57: {=IFERROR(_xlfn.SWITCH(G57, $Q$10, $R$10, $Q$11, $R$11, $Q$12, $R$12, $Q$13, $R$13, $Q$14, $R$14, $Q$15, $R$15, $Q$16, $R$16, $Q$17, $R$17, $Q$18, $R$18,$Q$19,$R$19,$Q$20,$R$20,$Q$21,$R$21,$Q$22,$R$22,$Q$23,$R$23,$Q$24,$R$24), 0)} -> 0 | K57: =IFERROR(H57*(1-J57),0) -> 0 | M57: =IFERROR(K57*E57,0) -> 0 | N57: {=IFERROR(K57*(1+IFERROR(_xlfn.SWITCH(G57, $Q$10, $S$10, $Q$11, $S$11, $Q$12, $S$12, $Q$13, $S$13, $Q$14, $S$14, $Q$15, $S$15, $Q$16, $S$16, $Q$17, $S$17, $Q$18, $S$18,$Q$19,$S$19,$Q$20,$S$20,$Q$21,$S$21,$Q$22,$S$22,$Q$23,$S$23,$Q$24,$S$24), $S$10))*bp, 0)} -> 0 | O57: =IFERROR(N57*E57,0) -> 0
B58: 10 | I58: =H58*E58 -> 0 | J58: {=IFERROR(_xlfn.SWITCH(G58, $Q$10, $R$10, $Q$11, $R$11, $Q$12, $R$12, $Q$13, $R$13, $Q$14, $R$14, $Q$15, $R$15, $Q$16, $R$16, $Q$17, $R$17, $Q$18, $R$18,$Q$19,$R$19,$Q$20,$R$20,$Q$21,$R$21,$Q$22,$R$22,$Q$23,$R$23,$Q$24,$R$24), 0)} -> 0 | K58: =IFERROR(H58*(1-J58),0) -> 0 | L58: =IFERROR(K58*E58,0)/$L$5 -> 0 | M58: =IFERROR(K58*E58,0) -> 0 | N58: {=IFERROR(K58*(1+IFERROR(_xlfn.SWITCH(G58, $Q$10, $S$10, $Q$11, $S$11, $Q$12, $S$12, $Q$13, $S$13, $Q$14, $S$14, $Q$15, $S$15, $Q$16, $S$16, $Q$17, $S$17, $Q$18, $S$18,$Q$19,$S$19,$Q$20,$S$20,$Q$21,$S$21,$Q$22,$S$22,$Q$23,$S$23,$Q$24,$S$24), $S$10))*bp, 0)} -> 0 | O58: =IFERROR(N58*E58,0) -> 0
B59: 11 | I59: =H59*E59 -> 0 | J59: {=IFERROR(_xlfn.SWITCH(G59, $Q$10, $R$10, $Q$11, $R$11, $Q$12, $R$12, $Q$13, $R$13, $Q$14, $R$14, $Q$15, $R$15, $Q$16, $R$16, $Q$17, $R$17, $Q$18, $R$18,$Q$19,$R$19,$Q$20,$R$20,$Q$21,$R$21,$Q$22,$R$22,$Q$23,$R$23,$Q$24,$R$24), 0)} -> 0 | K59: =IFERROR(H59*(1-J59),0) -> 0 | L59: =IFERROR(K59*E59,0)/$L$5 -> 0 | M59: =IFERROR(K59*E59,0) -> 0 | N59: {=IFERROR(K59*(1+IFERROR(_xlfn.SWITCH(G59, $Q$10, $S$10, $Q$11, $S$11, $Q$12, $S$12, $Q$13, $S$13, $Q$14, $S$14, $Q$15, $S$15, $Q$16, $S$16, $Q$17, $S$17, $Q$18, $S$18,$Q$19,$S$19,$Q$20,$S$20,$Q$21,$S$21,$Q$22,$S$22,$Q$23,$S$23,$Q$24,$S$24), $S$10))*bp, 0)} -> 0 | O59: =IFERROR(N59*E59,0) -> 0
I60: =SUM(I49:I59) -> 0 | L60: =SUM(L49:L59) -> 0 | M60: =SUM(M49:M59) -> 0 | O60: =SUM(O49:O59) -> 0
B62: NRC - Services | H62: PRICE LIST | J62: FOB NET PRICE | N62: SELL PRICE (WITH TAXES)
B63: # | C63: Product | D63: SKU | E63: Quantity | F63: Group | G63: Prod Category Discount | H63: Unit Partner Price | I63: Total Partner Price | J63: Additional Discount | K63: Unit Price (FOB) | L63: =$L$5 -> 5.8 | M63: FOB NET | N63: Unit Sell Price | O63: Total Sell Price
B64: 1 | I64: =H64*E64 -> 0 | J64: {=IFERROR(_xlfn.SWITCH(G64, $Q$10, $R$10, $Q$11, $R$11, $Q$12, $R$12, $Q$13, $R$13, $Q$14, $R$14, $Q$15, $R$15, $Q$16, $R$16, $Q$17, $R$17, $Q$18, $R$18,$Q$19,$R$19,$Q$20,$R$20,$Q$21,$R$21,$Q$22,$R$22,$Q$23,$R$23,$Q$24,$R$24), 0)} -> 0 | K64: =IFERROR(H64*(1-J64),0) -> 0 | L64: =IFERROR(K64*E64,0)/$L$5 -> 0 | M64: =IFERROR(K64*E64,0) -> 0 | N64: {=IFERROR(K64*(1+IFERROR(_xlfn.SWITCH(G64, $Q$10, $S$10, $Q$11, $S$11, $Q$12, $S$12, $Q$13, $S$13, $Q$14, $S$14, $Q$15, $S$15, $Q$16, $S$16, $Q$17, $S$17, $Q$18, $S$18,$Q$19,$S$19,$Q$20,$S$20,$Q$21,$S$21,$Q$22,$S$22,$Q$23,$S$23,$Q$24,$S$24), $S$10))*bp, 0)} -> 0 | O64: =IFERROR(N64*E64,0) -> 0
B65: 2 | I65: =H65*E65 -> 0 | J65: {=IFERROR(_xlfn.SWITCH(G65, $Q$10, $R$10, $Q$11, $R$11, $Q$12, $R$12, $Q$13, $R$13, $Q$14, $R$14, $Q$15, $R$15, $Q$16, $R$16, $Q$17, $R$17, $Q$18, $R$18,$Q$19,$R$19,$Q$20,$R$20,$Q$21,$R$21,$Q$22,$R$22,$Q$23,$R$23,$Q$24,$R$24), 0)} -> 0 | K65: =IFERROR(H65*(1-J65),0) -> 0 | L65: =IFERROR(K65*E65,0)/$L$5 -> 0 | M65: =IFERROR(K65*E65,0) -> 0 | N65: {=IFERROR(K65*(1+IFERROR(_xlfn.SWITCH(G65, $Q$10, $S$10, $Q$11, $S$11, $Q$12, $S$12, $Q$13, $S$13, $Q$14, $S$14, $Q$15, $S$15, $Q$16, $S$16, $Q$17, $S$17, $Q$18, $S$18,$Q$19,$S$19,$Q$20,$S$20,$Q$21,$S$21,$Q$22,$S$22,$Q$23,$S$23,$Q$24,$S$24), $S$10))*bp, 0)} -> 0 | O65: =IFERROR(N65*E65,0) -> 0
B66: 3 | I66: =H66*E66 -> 0 | J66: {=IFERROR(_xlfn.SWITCH(G66, $Q$10, $R$10, $Q$11, $R$11, $Q$12, $R$12, $Q$13, $R$13, $Q$14, $R$14, $Q$15, $R$15, $Q$16, $R$16, $Q$17, $R$17, $Q$18, $R$18,$Q$19,$R$19,$Q$20,$R$20,$Q$21,$R$21,$Q$22,$R$22,$Q$23,$R$23,$Q$24,$R$24), 0)} -> 0 | K66: =IFERROR(H66*(1-J66),0) -> 0 | L66: =IFERROR(K66*E66,0)/$L$5 -> 0 | M66: =IFERROR(K66*E66,0) -> 0 | N66: {=IFERROR(K66*(1+IFERROR(_xlfn.SWITCH(G66, $Q$10, $S$10, $Q$11, $S$11, $Q$12, $S$12, $Q$13, $S$13, $Q$14, $S$14, $Q$15, $S$15, $Q$16, $S$16, $Q$17, $S$17, $Q$18, $S$18,$Q$19,$S$19,$Q$20,$S$20,$Q$21,$S$21,$Q$22,$S$22,$Q$23,$S$23,$Q$24,$S$24), $S$10))*bp, 0)} -> 0 | O66: =IFERROR(N66*E66,0) -> 0
B67: 4 | I67: =H67*E67 -> 0 | J67: {=IFERROR(_xlfn.SWITCH(G67, $Q$10, $R$10, $Q$11, $R$11, $Q$12, $R$12, $Q$13, $R$13, $Q$14, $R$14, $Q$15, $R$15, $Q$16, $R$16, $Q$17, $R$17, $Q$18, $R$18,$Q$19,$R$19,$Q$20,$R$20,$Q$21,$R$21,$Q$22,$R$22,$Q$23,$R$23,$Q$24,$R$24), 0)} -> 0 | K67: =IFERROR(H67*(1-J67),0) -> 0 | L67: =IFERROR(K67*E67,0)/$L$5 -> 0 | M67: =IFERROR(K67*E67,0) -> 0 | N67: {=IFERROR(K67*(1+IFERROR(_xlfn.SWITCH(G67, $Q$10, $S$10, $Q$11, $S$11, $Q$12, $S$12, $Q$13, $S$13, $Q$14, $S$14, $Q$15, $S$15, $Q$16, $S$16, $Q$17, $S$17, $Q$18, $S$18,$Q$19,$S$19,$Q$20,$S$20,$Q$21,$S$21,$Q$22,$S$22,$Q$23,$S$23,$Q$24,$S$24), $S$10))*bp, 0)} -> 0 | O67: =IFERROR(N67*E67,0) -> 0
B68: 5 | I68: =H68*E68 -> 0 | J68: {=IFERROR(_xlfn.SWITCH(G68, $Q$10, $R$10, $Q$11, $R$11, $Q$12, $R$12, $Q$13, $R$13, $Q$14, $R$14, $Q$15, $R$15, $Q$16, $R$16, $Q$17, $R$17, $Q$18, $R$18,$Q$19,$R$19,$Q$20,$R$20,$Q$21,$R$21,$Q$22,$R$22,$Q$23,$R$23,$Q$24,$R$24), 0)} -> 0 | K68: =IFERROR(H68*(1-J68),0) -> 0 | L68: =IFERROR(K68*E68,0)/$L$5 -> 0 | M68: =IFERROR(K68*E68,0) -> 0 | N68: {=IFERROR(K68*(1+IFERROR(_xlfn.SWITCH(G68, $Q$10, $S$10, $Q$11, $S$11, $Q$12, $S$12, $Q$13, $S$13, $Q$14, $S$14, $Q$15, $S$15, $Q$16, $S$16, $Q$17, $S$17, $Q$18, $S$18,$Q$19,$S$19,$Q$20,$S$20,$Q$21,$S$21,$Q$22,$S$22,$Q$23,$S$23,$Q$24,$S$24), $S$10))*bp, 0)} -> 0 | O68: =IFERROR(N68*E68,0) -> 0
B69: 6 | I69: =H69*E69 -> 0 | J69: {=IFERROR(_xlfn.SWITCH(G69, $Q$10, $R$10, $Q$11, $R$11, $Q$12, $R$12, $Q$13, $R$13, $Q$14, $R$14, $Q$15, $R$15, $Q$16, $R$16, $Q$17, $R$17, $Q$18, $R$18,$Q$19,$R$19,$Q$20,$R$20,$Q$21,$R$21,$Q$22,$R$22,$Q$23,$R$23,$Q$24,$R$24), 0)} -> 0 | K69: =IFERROR(H69*(1-J69),0) -> 0 | L69: =IFERROR(K69*E69,0)/$L$5 -> 0 | M69: =IFERROR(K69*E69,0) -> 0 | N69: {=IFERROR(K69*(1+IFERROR(_xlfn.SWITCH(G69, $Q$10, $S$10, $Q$11, $S$11, $Q$12, $S$12, $Q$13, $S$13, $Q$14, $S$14, $Q$15, $S$15, $Q$16, $S$16, $Q$17, $S$17, $Q$18, $S$18,$Q$19,$S$19,$Q$20,$S$20,$Q$21,$S$21,$Q$22,$S$22,$Q$23,$S$23,$Q$24,$S$24), $S$10))*bp, 0)} -> 0 | O69: =IFERROR(N69*E69,0) -> 0
B70: 7 | I70: =H70*E70 -> 0 | J70: {=IFERROR(_xlfn.SWITCH(G70, $Q$10, $R$10, $Q$11, $R$11, $Q$12, $R$12, $Q$13, $R$13, $Q$14, $R$14, $Q$15, $R$15, $Q$16, $R$16, $Q$17, $R$17, $Q$18, $R$18,$Q$19,$R$19,$Q$20,$R$20,$Q$21,$R$21,$Q$22,$R$22,$Q$23,$R$23,$Q$24,$R$24), 0)} -> 0 | K70: =IFERROR(H70*(1-J70),0) -> 0 | L70: =IFERROR(K70*E70,0)/$L$5 -> 0 | M70: =IFERROR(K70*E70,0) -> 0 | N70: {=IFERROR(K70*(1+IFERROR(_xlfn.SWITCH(G70, $Q$10, $S$10, $Q$11, $S$11, $Q$12, $S$12, $Q$13, $S$13, $Q$14, $S$14, $Q$15, $S$15, $Q$16, $S$16, $Q$17, $S$17, $Q$18, $S$18,$Q$19,$S$19,$Q$20,$S$20,$Q$21,$S$21,$Q$22,$S$22,$Q$23,$S$23,$Q$24,$S$24), $S$10))*bp, 0)} -> 0 | O70: =IFERROR(N70*E70,0) -> 0
B71: 8 | I71: =H71*E71 -> 0 | J71: {=IFERROR(_xlfn.SWITCH(G71, $Q$10, $R$10, $Q$11, $R$11, $Q$12, $R$12, $Q$13, $R$13, $Q$14, $R$14, $Q$15, $R$15, $Q$16, $R$16, $Q$17, $R$17, $Q$18, $R$18,$Q$19,$R$19,$Q$20,$R$20,$Q$21,$R$21,$Q$22,$R$22,$Q$23,$R$23,$Q$24,$R$24), 0)} -> 0 | K71: =IFERROR(H71*(1-J71),0) -> 0 | L71: =IFERROR(K71*E71,0)/$L$5 -> 0 | M71: =IFERROR(K71*E71,0) -> 0 | N71: {=IFERROR(K71*(1+IFERROR(_xlfn.SWITCH(G71, $Q$10, $S$10, $Q$11, $S$11, $Q$12, $S$12, $Q$13, $S$13, $Q$14, $S$14, $Q$15, $S$15, $Q$16, $S$16, $Q$17, $S$17, $Q$18, $S$18,$Q$19,$S$19,$Q$20,$S$20,$Q$21,$S$21,$Q$22,$S$22,$Q$23,$S$23,$Q$24,$S$24), $S$10))*bp, 0)} -> 0 | O71: =IFERROR(N71*E71,0) -> 0
B72: 9 | I72: =H72*E72 -> 0 | J72: {=IFERROR(_xlfn.SWITCH(G72, $Q$10, $R$10, $Q$11, $R$11, $Q$12, $R$12, $Q$13, $R$13, $Q$14, $R$14, $Q$15, $R$15, $Q$16, $R$16, $Q$17, $R$17, $Q$18, $R$18,$Q$19,$R$19,$Q$20,$R$20,$Q$21,$R$21,$Q$22,$R$22,$Q$23,$R$23,$Q$24,$R$24), 0)} -> 0 | K72: =IFERROR(H72*(1-J72),0) -> 0 | L72: =IFERROR(K72*E72,0)/$L$5 -> 0 | M72: =IFERROR(K72*E72,0) -> 0 | N72: {=IFERROR(K72*(1+IFERROR(_xlfn.SWITCH(G72, $Q$10, $S$10, $Q$11, $S$11, $Q$12, $S$12, $Q$13, $S$13, $Q$14, $S$14, $Q$15, $S$15, $Q$16, $S$16, $Q$17, $S$17, $Q$18, $S$18,$Q$19,$S$19,$Q$20,$S$20,$Q$21,$S$21,$Q$22,$S$22,$Q$23,$S$23,$Q$24,$S$24), $S$10))*bp, 0)} -> 0 | O72: =IFERROR(N72*E72,0) -> 0
B73: 10 | I73: =H73*E73 -> 0 | J73: {=IFERROR(_xlfn.SWITCH(G73, $Q$10, $R$10, $Q$11, $R$11, $Q$12, $R$12, $Q$13, $R$13, $Q$14, $R$14, $Q$15, $R$15, $Q$16, $R$16, $Q$17, $R$17, $Q$18, $R$18,$Q$19,$R$19,$Q$20,$R$20,$Q$21,$R$21,$Q$22,$R$22,$Q$23,$R$23,$Q$24,$R$24), 0)} -> 0 | K73: =IFERROR(H73*(1-J73),0) -> 0 | L73: =IFERROR(K73*E73,0)/$L$5 -> 0 | M73: =IFERROR(K73*E73,0) -> 0 | N73: {=IFERROR(K73*(1+IFERROR(_xlfn.SWITCH(G73, $Q$10, $S$10, $Q$11, $S$11, $Q$12, $S$12, $Q$13, $S$13, $Q$14, $S$14, $Q$15, $S$15, $Q$16, $S$16, $Q$17, $S$17, $Q$18, $S$18,$Q$19,$S$19,$Q$20,$S$20,$Q$21,$S$21,$Q$22,$S$22,$Q$23,$S$23,$Q$24,$S$24), $S$10))*bp, 0)} -> 0 | O73: =IFERROR(N73*E73,0) -> 0
B74: 11 | I74: =H74*E74 -> 0 | J74: {=IFERROR(_xlfn.SWITCH(G74, $Q$10, $R$10, $Q$11, $R$11, $Q$12, $R$12, $Q$13, $R$13, $Q$14, $R$14, $Q$15, $R$15, $Q$16, $R$16, $Q$17, $R$17, $Q$18, $R$18,$Q$19,$R$19,$Q$20,$R$20,$Q$21,$R$21,$Q$22,$R$22,$Q$23,$R$23,$Q$24,$R$24), 0)} -> 0 | K74: =IFERROR(H74*(1-J74),0) -> 0 | L74: =IFERROR(K74*E74,0)/$L$5 -> 0 | M74: =IFERROR(K74*E74,0) -> 0 | N74: {=IFERROR(K74*(1+IFERROR(_xlfn.SWITCH(G74, $Q$10, $S$10, $Q$11, $S$11, $Q$12, $S$12, $Q$13, $S$13, $Q$14, $S$14, $Q$15, $S$15, $Q$16, $S$16, $Q$17, $S$17, $Q$18, $S$18,$Q$19,$S$19,$Q$20,$S$20,$Q$21,$S$21,$Q$22,$S$22,$Q$23,$S$23,$Q$24,$S$24), $S$10))*bp, 0)} -> 0 | O74: =IFERROR(N74*E74,0) -> 0
B75: 12 | I75: =H75*E75 -> 0 | J75: {=IFERROR(_xlfn.SWITCH(G75, $Q$10, $R$10, $Q$11, $R$11, $Q$12, $R$12, $Q$13, $R$13, $Q$14, $R$14, $Q$15, $R$15, $Q$16, $R$16, $Q$17, $R$17, $Q$18, $R$18,$Q$19,$R$19,$Q$20,$R$20,$Q$21,$R$21,$Q$22,$R$22,$Q$23,$R$23,$Q$24,$R$24), 0)} -> 0 | K75: =IFERROR(H75*(1-J75),0) -> 0 | L75: =IFERROR(K75*E75,0)/$L$5 -> 0 | M75: =IFERROR(K75*E75,0) -> 0 | N75: {=IFERROR(K75*(1+IFERROR(_xlfn.SWITCH(G75, $Q$10, $S$10, $Q$11, $S$11, $Q$12, $S$12, $Q$13, $S$13, $Q$14, $S$14, $Q$15, $S$15, $Q$16, $S$16, $Q$17, $S$17, $Q$18, $S$18,$Q$19,$S$19,$Q$20,$S$20,$Q$21,$S$21,$Q$22,$S$22,$Q$23,$S$23,$Q$24,$S$24), $S$10))*bp, 0)} -> 0 | O75: =IFERROR(N75*E75,0) -> 0
... B90: 27 | I90: =H90*E90 -> 0 | J90: {=IFERROR(_xlfn.SWITCH(G90, $Q$10, $R$10, $Q$11, $R$11, $Q$12, $R$12, $Q$13, $R$13, $Q$14, $R$14, $Q$15, $R$15, $Q$16, $R$16, $Q$17, $R$17, $Q$18, $R$18,$Q$19,$R$19,$Q$20,$R$20,$Q$21,$R$21,$Q$22,$R$22,$Q$23,$R$23,$Q$24,$R$24), 0)} -> 0 | K90: =IFERROR(H90*(1-J90),0) -> 0 | L90: =IFERROR(K90*E90,0)/$L$5 -> 0 | M90: =IFERROR(K90*E90,0) -> 0 | N90: {=IFERROR(K90*(1+IFERROR(_xlfn.SWITCH(G90, $Q$10, $S$10, $Q$11, $S$11, $Q$12, $S$12, $Q$13, $S$13, $Q$14, $S$14, $Q$15, $S$15, $Q$16, $S$16, $Q$17, $S$17, $Q$18, $S$18,$Q$19,$S$19,$Q$20,$S$20,$Q$21,$S$21,$Q$22,$S$22,$Q$23,$S$23,$Q$24,$S$24), $S$10))*bp, 0)} -> 0 | O90: =IFERROR(N90*E90,0) -> 0
I91: =SUM(I64:I90) -> 0 | L91: =SUM(L64:L90) -> 0 | M91: =SUM(M64:M90) -> 0 | O91: =SUM(O64:O90) -> 0
B93: MRC - Connectivity | H93: PRICE LIST | J93: FOB NET PRICE | N93: SELL PRICE (WITH TAXES)
B94: # | C94: Product | D94: SKU | E94: Quantity | F94: Group | G94: Prod Category Discount | H94: Unit Partner Price | I94: Total Partner Price | J94: Additional Discount | K94: Unit Price (FOB) | L94: =$L$5 -> 5.8 | M94: FOB NET | N94: Unit Sell Price | O94: Total Sell Price
B95: 1 | I95: =H95*E95 -> 0 | J95: {=IFERROR(_xlfn.SWITCH(G95, $Q$10, $R$10, $Q$11, $R$11, $Q$12, $R$12, $Q$13, $R$13, $Q$14, $R$14, $Q$15, $R$15, $Q$16, $R$16, $Q$17, $R$17, $Q$18, $R$18,$Q$19,$R$19,$Q$20,$R$20,$Q$21,$R$21,$Q$22,$R$22,$Q$23,$R$23,$Q$24,$R$24), 0)} -> 0 | K95: =IFERROR(H95*(1-J95),0) -> 0 | L95: =IFERROR(K95*E95,0)/$L$5 -> 0 | M95: =IFERROR(K95*E95,0) -> 0 | N95: {=IFERROR(K95*(1+IFERROR(_xlfn.SWITCH(G95, $Q$10, $S$10, $Q$11, $S$11, $Q$12, $S$12, $Q$13, $S$13, $Q$14, $S$14, $Q$15, $S$15, $Q$16, $S$16, $Q$17, $S$17, $Q$18, $S$18,$Q$19,$S$19,$Q$20,$S$20,$Q$21,$S$21,$Q$22,$S$22,$Q$23,$S$23,$Q$24,$S$24), $S$10))*bp, 0)} -> 0 | O95: =IFERROR(N95*E95,0) -> 0
B96: 2 | I96: =H96*E96 -> 0 | J96: {=IFERROR(_xlfn.SWITCH(G96, $Q$10, $R$10, $Q$11, $R$11, $Q$12, $R$12, $Q$13, $R$13, $Q$14, $R$14, $Q$15, $R$15, $Q$16, $R$16, $Q$17, $R$17, $Q$18, $R$18,$Q$19,$R$19,$Q$20,$R$20,$Q$21,$R$21,$Q$22,$R$22,$Q$23,$R$23,$Q$24,$R$24), 0)} -> 0 | K96: =IFERROR(H96*(1-J96),0) -> 0 | L96: =IFERROR(K96*E96,0)/$L$5 -> 0 | M96: =IFERROR(K96*E96,0) -> 0 | N96: {=IFERROR(K96*(1+IFERROR(_xlfn.SWITCH(G96, $Q$10, $S$10, $Q$11, $S$11, $Q$12, $S$12, $Q$13, $S$13, $Q$14, $S$14, $Q$15, $S$15, $Q$16, $S$16, $Q$17, $S$17, $Q$18, $S$18,$Q$19,$S$19,$Q$20,$S$20,$Q$21,$S$21,$Q$22,$S$22,$Q$23,$S$23,$Q$24,$S$24), $S$10))*bp, 0)} -> 0 | O96: =IFERROR(N96*E96,0) -> 0
B97: 3 | I97: =H97*E97 -> 0 | J97: {=IFERROR(_xlfn.SWITCH(G97, $Q$10, $R$10, $Q$11, $R$11, $Q$12, $R$12, $Q$13, $R$13, $Q$14, $R$14, $Q$15, $R$15, $Q$16, $R$16, $Q$17, $R$17, $Q$18, $R$18,$Q$19,$R$19,$Q$20,$R$20,$Q$21,$R$21,$Q$22,$R$22,$Q$23,$R$23,$Q$24,$R$24), 0)} -> 0 | K97: =IFERROR(H97*(1-J97),0) -> 0 | L97: =IFERROR(K97*E97,0)/$L$5 -> 0 | M97: =IFERROR(K97*E97,0) -> 0 | N97: {=IFERROR(K97*(1+IFERROR(_xlfn.SWITCH(G97, $Q$10, $S$10, $Q$11, $S$11, $Q$12, $S$12, $Q$13, $S$13, $Q$14, $S$14, $Q$15, $S$15, $Q$16, $S$16, $Q$17, $S$17, $Q$18, $S$18,$Q$19,$S$19,$Q$20,$S$20,$Q$21,$S$21,$Q$22,$S$22,$Q$23,$S$23,$Q$24,$S$24), $S$10))*bp, 0)} -> 0 | O97: =IFERROR(N97*E97,0) -> 0
B98: 4 | I98: =H98*E98 -> 0 | J98: {=IFERROR(_xlfn.SWITCH(G98, $Q$10, $R$10, $Q$11, $R$11, $Q$12, $R$12, $Q$13, $R$13, $Q$14, $R$14, $Q$15, $R$15, $Q$16, $R$16, $Q$17, $R$17, $Q$18, $R$18,$Q$19,$R$19,$Q$20,$R$20,$Q$21,$R$21,$Q$22,$R$22,$Q$23,$R$23,$Q$24,$R$24), 0)} -> 0 | K98: =IFERROR(H98*(1-J98),0) -> 0 | L98: =IFERROR(K98*E98,0)/$L$5 -> 0 | M98: =IFERROR(K98*E98,0) -> 0 | N98: {=IFERROR(K98*(1+IFERROR(_xlfn.SWITCH(G98, $Q$10, $S$10, $Q$11, $S$11, $Q$12, $S$12, $Q$13, $S$13, $Q$14, $S$14, $Q$15, $S$15, $Q$16, $S$16, $Q$17, $S$17, $Q$18, $S$18,$Q$19,$S$19,$Q$20,$S$20,$Q$21,$S$21,$Q$22,$S$22,$Q$23,$S$23,$Q$24,$S$24), $S$10))*bp, 0)} -> 0 | O98: =IFERROR(N98*E98,0) -> 0
I99: =SUM(I95:I98) -> 0 | L99: =SUM(L95:L98) -> 0 | M99: =SUM(M95:M98) -> 0 | O99: =SUM(O95:O98) -> 0
B101: NRC - Connectivity | H101: PRICE LIST | J101: FOB NET PRICE | N101: SELL PRICE (WITH TAXES)
B102: # | C102: Product | D102: SKU | E102: Quantity | F102: Group | G102: Prod Category Discount | H102: Unit Partner Price | I102: Total Partner Price | J102: Additional Discount | K102: Unit Price (FOB) | L102: =$L$5 -> 5.8 | M102: FOB NET | N102: Unit Sell Price | O102: Total Sell Price
B103: 1 | I103: =H103*E103 -> 0 | J103: {=IFERROR(_xlfn.SWITCH(G103, $Q$10, $R$10, $Q$11, $R$11, $Q$12, $R$12, $Q$13, $R$13, $Q$14, $R$14, $Q$15, $R$15, $Q$16, $R$16, $Q$17, $R$17, $Q$18, $R$18,$Q$19,$R$19,$Q$20,$R$20,$Q$21,$R$21,$Q$22,$R$22,$Q$23,$R$23,$Q$24,$R$24), 0)} -> 0 | K103: =IFERROR(H103*(1-J103),0) -> 0 | L103: =IFERROR(K103*E103,0)/$L$5 -> 0 | M103: =IFERROR(K103*E103,0) -> 0 | N103: {=IFERROR(K103*(1+IFERROR(_xlfn.SWITCH(G103, $Q$10, $S$10, $Q$11, $S$11, $Q$12, $S$12, $Q$13, $S$13, $Q$14, $S$14, $Q$15, $S$15, $Q$16, $S$16, $Q$17, $S$17, $Q$18, $S$18,$Q$19,$S$19,$Q$20,$S$20,$Q$21,$S$21,$Q$22,$S$22,$Q$23,$S$23,$Q$24,$S$24), $S$10))*bp, 0)} -> 0 | O103: =IFERROR(N103*E103,0) -> 0
B104: 2 | I104: =H104*E104 -> 0 | J104: {=IFERROR(_xlfn.SWITCH(G104, $Q$10, $R$10, $Q$11, $R$11, $Q$12, $R$12, $Q$13, $R$13, $Q$14, $R$14, $Q$15, $R$15, $Q$16, $R$16, $Q$17, $R$17, $Q$18, $R$18,$Q$19,$R$19,$Q$20,$R$20,$Q$21,$R$21,$Q$22,$R$22,$Q$23,$R$23,$Q$24,$R$24), 0)} -> 0 | K104: =IFERROR(H104*(1-J104),0) -> 0 | L104: =IFERROR(K104*E104,0)/$L$5 -> 0 | M104: =IFERROR(K104*E104,0) -> 0 | N104: {=IFERROR(K104*(1+IFERROR(_xlfn.SWITCH(G104, $Q$10, $S$10, $Q$11, $S$11, $Q$12, $S$12, $Q$13, $S$13, $Q$14, $S$14, $Q$15, $S$15, $Q$16, $S$16, $Q$17, $S$17, $Q$18, $S$18,$Q$19,$S$19,$Q$20,$S$20,$Q$21,$S$21,$Q$22,$S$22,$Q$23,$S$23,$Q$24,$S$24), $S$10))*bp, 0)} -> 0 | O104: =IFERROR(N104*E104,0) -> 0
B105: 3 | I105: =H105*E105 -> 0 | J105: {=IFERROR(_xlfn.SWITCH(G105, $Q$10, $R$10, $Q$11, $R$11, $Q$12, $R$12, $Q$13, $R$13, $Q$14, $R$14, $Q$15, $R$15, $Q$16, $R$16, $Q$17, $R$17, $Q$18, $R$18,$Q$19,$R$19,$Q$20,$R$20,$Q$21,$R$21,$Q$22,$R$22,$Q$23,$R$23,$Q$24,$R$24), 0)} -> 0 | K105: =IFERROR(H105*(1-J105),0) -> 0 | L105: =IFERROR(K105*E105,0)/$L$5 -> 0 | M105: =IFERROR(K105*E105,0) -> 0 | N105: {=IFERROR(K105*(1+IFERROR(_xlfn.SWITCH(G105, $Q$10, $S$10, $Q$11, $S$11, $Q$12, $S$12, $Q$13, $S$13, $Q$14, $S$14, $Q$15, $S$15, $Q$16, $S$16, $Q$17, $S$17, $Q$18, $S$18,$Q$19,$S$19,$Q$20,$S$20,$Q$21,$S$21,$Q$22,$S$22,$Q$23,$S$23,$Q$24,$S$24), $S$10))*bp, 0)} -> 0 | O105: =IFERROR(N105*E105,0) -> 0
B106: 4 | I106: =H106*E106 -> 0 | J106: {=IFERROR(_xlfn.SWITCH(G106, $Q$10, $R$10, $Q$11, $R$11, $Q$12, $R$12, $Q$13, $R$13, $Q$14, $R$14, $Q$15, $R$15, $Q$16, $R$16, $Q$17, $R$17, $Q$18, $R$18,$Q$19,$R$19,$Q$20,$R$20,$Q$21,$R$21,$Q$22,$R$22,$Q$23,$R$23,$Q$24,$R$24), 0)} -> 0 | K106: =IFERROR(H106*(1-J106),0) -> 0 | L106: =IFERROR(K106*E106,0)/$L$5 -> 0 | M106: =IFERROR(K106*E106,0) -> 0 | N106: {=IFERROR(K106*(1+IFERROR(_xlfn.SWITCH(G106, $Q$10, $S$10, $Q$11, $S$11, $Q$12, $S$12, $Q$13, $S$13, $Q$14, $S$14, $Q$15, $S$15, $Q$16, $S$16, $Q$17, $S$17, $Q$18, $S$18,$Q$19,$S$19,$Q$20,$S$20,$Q$21,$S$21,$Q$22,$S$22,$Q$23,$S$23,$Q$24,$S$24), $S$10))*bp, 0)} -> 0 | O106: =IFERROR(N106*E106,0) -> 0
I107: =SUM(I103:I106) -> 0 | L107: =SUM(L103:L106) -> 0 | M107: =SUM(M103:M106) -> 0 | O107: =SUM(O103:O106) -> 0
B114: 32 | C114: Omilia for CXone Embedded IVR Voice Biometrics Implementation Package | E114: 0 | G114: Services | I114: =H114*E114 -> 0 | J114: =$J$65 -> 0 | K114: =H114*(1-J114) -> 0 | M114: =I114*(1-J114) -> 0 | N114: =(H114*(1-J114))*(1+iserv)*bp -> 0 | O114: =N114*E114 -> 0
B115: 33 | C115: CXone Virtual Agent Hub Registration Implementation | E115: 0 | G115: Services | I115: =H115*E115 -> 0 | J115: =$J$65 -> 0 | K115: =H115*(1-J115) -> 0 | M115: =I115*(1-J115) -> 0 | N115: =(H115*(1-J115))*(1+iserv)*bp -> 0 | O115: =N115*E115 -> 0
B116: 34 | C116: CXone Autopilot Medium Implementation Package | E116: 0 | G116: Services | I116: =H116*E116 -> 0 | J116: =$J$65 -> 0 | K116: =H116*(1-J116) -> 0 | M116: =I116*(1-J116) -> 0 | N116: =(H116*(1-J116))*(1+iserv)*bp -> 0 | O116: =N116*E116 -> 0
B117: 35 | C117: Enlighten Autopilot Basics Instructor Led (1-day) (per student) | E117: 0 | G117: Services | I117: =H117*E117 -> 0 | J117: =$J$65 -> 0 | K117: =H117*(1-J117) -> 0 | M117: =I117*(1-J117) -> 0 | N117: =(H117*(1-J117))*(1+iserv)*bp -> 0 | O117: =N117*E117 -> 0
B118: 36 | C118: Enlighten Autopilot Advanced Instructor Led (4-day) (per student) | E118: 0 | G118: Services | I118: =H118*E118 -> 0 | J118: =$J$65 -> 0 | K118: =H118*(1-J118) -> 0 | M118: =I118*(1-J118) -> 0 | N118: =(H118*(1-J118))*(1+iserv)*bp -> 0 | O118: =N118*E118 -> 0
B119: 37 | C119: Digital CXi Consulting for Autopilot/Copilot by License Tier | E119: 0 | G119: Services | I119: =H119*E119 -> 0 | J119: =$J$65 -> 0 | M119: =I119*(1-J119) -> 0 | N119: =(H119*(1-J119))*(1+iserv)*bp -> 0 | O119: =N119*E119 -> 0
B120: 40 | C120: Turn-by-Turn Transcription Service Implementation | E120: 0 | G120: Services | I120: =H120*E120 -> 0 | J120: =$J$65 -> 0 | K120: =H120*(1-J120) -> 0 | M120: =I120*(1-J120) -> 0 | N120: =(H120*(1-J120))*(1+iserv)*bp -> 0 | O120: =N120*E120 -> 0
B121: 41 | C121: CXone Cloud Text to Speech Registration Implementation | E121: 0 | G121: Services | I121: =H121*E121 -> 0 | J121: =$J$65 -> 0 | K121: =H121*(1-J121) -> 0 | M121: =I121*(1-J121) -> 0 | N121: =(H121*(1-J121))*(1+iserv)*bp -> 0 | O121: =N121*E121 -> 0
B123: 25 | C123: CXone Business Consulting for IEX WFM Integrated | G123: Training and Onboarding | I123: =H123*E123 -> 0 | J123: =$R$18 -> 0 | K123: =H123*(1-J123) -> 0 | M123: =I123*(1-J123) -> 0 | N123: =(H123*(1-J123))*(1+iserv)*bp -> 0 | O123: =N123*E123 -> 0
C124: Continuous Transcription Implementation Service | D124: 610263-2467-000-XX | E124: 1 | G124: Services | H124: 8588.8
C125: CXone Mpower Actions | D125: 1551-2721-XXX | E125: 1 | H125: 0
C126: Enlighten Actions Implementation | D126: 610282-2722-XXX | E126: 1 | G126: Services | H126: 10760

Sheet Opportunity_Name USD
B2: CXONE DIGITAL AGENT - 36 Meses
B4: SOFTWARE MRC PRODUCTS | H4: PRICE LIST | J4: FOB NET PRICE | N4: SELL PRICE (WITH TAXES) | Q4: Imposto de Licença | R4: 0.1383
B5: # | C5: Product | D5: SKU | E5: Quantity | F5: Group | G5: Prod Category Discount | H5: Unit Partner Price | I5: Total Partner Price | J5: Additional Discount | K5: Unit Price (FOB) | L5: 1 | M5: FOB NET | N5: Unit Sell Price | O5: Total Sell Price | Q5: Imposto de Serviço | R5: 0.0701
B6: 1 | I6: =H6*E6 -> 0 | J6: {=IFERROR(_xlfn.SWITCH(G6, $Q$10, $R$10, $Q$11, $R$11, $Q$12, $R$12, $Q$13, $R$13, $Q$14, $R$14, $Q$15, $R$15, $Q$16, $R$16, $Q$17, $R$17, $Q$18, $R$18,$Q$19,$R$19,$Q$20,$R$20,$Q$21,$R$21,$Q$22,$R$22,$Q$23,$R$23,$Q$24,$R$24), 0)} -> 0 | K6: =IFERROR(H6*(1-J6),0) -> 0 | L6: =IFERROR(K6*E6,0)/$L$5 -> 0 | M6: =IFERROR(K6*E6,0) -> 0 | N6: {=IFERROR(K6*(1+IFERROR(_xlfn.SWITCH(G6, $Q$10, $S$10, $Q$11, $S$11, $Q$12, $S$12, $Q$13, $S$13, $Q$14, $S$14, $Q$15, $S$15, $Q$16, $S$16, $Q$17, $S$17, $Q$18, $S$18,$Q$19,$S$19,$Q$20,$S$20,$Q$21,$S$21,$Q$22,$S$22,$Q$23,$S$23,$Q$24,$S$24), $S$10))*bp, 0)} -> 0 | O6: =IFERROR(N6*E6,0) -> 0 | Q6: Imposto Conn MPLS | R6: 0.11
B7: 2 | I7: =H7*E7 -> 0 | J7: {=IFERROR(_xlfn.SWITCH(G7, $Q$10, $R$10, $Q$11, $R$11, $Q$12, $R$12, $Q$13, $R$13, $Q$14, $R$14, $Q$15, $R$15, $Q$16, $R$16, $Q$17, $R$17, $Q$18, $R$18,$Q$19,$R$19,$Q$20,$R$20,$Q$21,$R$21,$Q$22,$R$22,$Q$23,$R$23,$Q$24,$R$24), 0)} -> 0 | K7: =IFERROR(H7*(1-J7),0) -> 0 | L7: =IFERROR(K7*E7,0)/$L$5 -> 0 | M7: =IFERROR(K7*E7,0) -> 0 | N7: {=IFERROR(K7*(1+IFERROR(_xlfn.SWITCH(G7, $Q$10, $S$10, $Q$11, $S$11, $Q$12, $S$12, $Q$13, $S$13, $Q$14, $S$14, $Q$15, $S$15, $Q$16, $S$16, $Q$17, $S$17, $Q$18, $S$18,$Q$19,$S$19,$Q$20,$S$20,$Q$21,$S$21,$Q$22,$S$22,$Q$23,$S$23,$Q$24,$S$24), $S$10))*bp, 0)} -> 0 | O7: =IFERROR(N7*E7,0) -> 0 | Q7: BP Factor | R7: 1
B8: 3 | I8: =H8*E8 -> 0 | J8: {=IFERROR(_xlfn.SWITCH(G8, $Q$10, $R$10, $Q$11, $R$11, $Q$12, $R$12, $Q$13, $R$13, $Q$14, $R$14, $Q$15, $R$15, $Q$16, $R$16, $Q$17, $R$17, $Q$18, $R$18,$Q$19,$R$19,$Q$20,$R$20,$Q$21,$R$21,$Q$22,$R$22,$Q$23,$R$23,$Q$24,$R$24), 0)} -> 0 | K8: =IFERROR(H8*(1-J8),0) -> 0 | L8: =IFERROR(K8*E8,0)/$L$5 -> 0 | M8: =IFERROR(K8*E8,0) -> 0 | N8: {=IFERROR(K8*(1+IFERROR(_xlfn.SWITCH(G8, $Q$10, $S$10, $Q$11, $S$11, $Q$12, $S$12, $Q$13, $S$13, $Q$14, $S$14, $Q$15, $S$15, $Q$16, $S$16, $Q$17, $S$17, $Q$18, $S$18,$Q$19,$S$19,$Q$20,$S$20,$Q$21,$S$21,$Q$22,$S$22,$Q$23,$S$23,$Q$24,$S$24), $S$10))*bp, 0)} -> 0 | O8: =IFERROR(N8*E8,0) -> 0
B9: 4 | I9: =H9*E9 -> 0 | J9: {=IFERROR(_xlfn.SWITCH(G9, $Q$10, $R$10, $Q$11, $R$11, $Q$12, $R$12, $Q$13, $R$13, $Q$14, $R$14, $Q$15, $R$15, $Q$16, $R$16, $Q$17, $R$17, $Q$18, $R$18,$Q$19,$R$19,$Q$20,$R$20,$Q$21,$R$21,$Q$22,$R$22,$Q$23,$R$23,$Q$24,$R$24), 0)} -> 0 | K9: =IFERROR(H9*(1-J9),0) -> 0 | L9: =IFERROR(K9*E9,0)/$L$5 -> 0 | M9: =IFERROR(K9*E9,0) -> 0 | N9: {=IFERROR(K9*(1+IFERROR(_xlfn.SWITCH(G9, $Q$10, $S$10, $Q$11, $S$11, $Q$12, $S$12, $Q$13, $S$13, $Q$14, $S$14, $Q$15, $S$15, $Q$16, $S$16, $Q$17, $S$17, $Q$18, $S$18,$Q$19,$S$19,$Q$20,$S$20,$Q$21,$S$21,$Q$22,$S$22,$Q$23,$S$23,$Q$24,$S$24), $S$10))*bp, 0)} -> 0 | O9: =IFERROR(N9*E9,0) -> 0 | R9: Discount | S9: Local Taxes | U9: Group | V9: Quantity | W9: List Price BRL | X9: Price per license BRL | Y9: Discounted Price BRL | Z9: Discounted Price per license BRL
B10: 5 | I10: =H10*E10 -> 0 | J10: {=IFERROR(_xlfn.SWITCH(G10, $Q$10, $R$10, $Q$11, $R$11, $Q$12, $R$12, $Q$13, $R$13, $Q$14, $R$14, $Q$15, $R$15, $Q$16, $R$16, $Q$17, $R$17, $Q$18, $R$18,$Q$19,$R$19,$Q$20,$R$20,$Q$21,$R$21,$Q$22,$R$22,$Q$23,$R$23,$Q$24,$R$24), 0)} -> 0 | K10: =IFERROR(H10*(1-J10),0) -> 0 | L10: =IFERROR(K10*E10,0)/$L$5 -> 0 | M10: =IFERROR(K10*E10,0) -> 0 | N10: {=IFERROR(K10*(1+IFERROR(_xlfn.SWITCH(G10, $Q$10, $S$10, $Q$11, $S$11, $Q$12, $S$12, $Q$13, $S$13, $Q$14, $S$14, $Q$15, $S$15, $Q$16, $S$16, $Q$17, $S$17, $Q$18, $S$18,$Q$19,$S$19,$Q$20,$S$20,$Q$21,$S$21,$Q$22,$S$22,$Q$23,$S$23,$Q$24,$S$24), $S$10))*bp, 0)} -> 0 | O10: =IFERROR(N10*E10,0) -> 0 | Q10: Bundle | R10: 0 | S10: =isaas -> 0.1383 | U10: Bundle | V10: ='Opportunity_Name USD'!$E$6 -> 0 | W10: =SUMIF('Opp Name'!$F:$F,Table142[[#This Row],[Group]],'Opp Name'!$I:$I) -> 0 | X10: =W10/V10 -> #DIV/0! | Y10: =SUMIF('Opp Name'!$F:$F,Table142[[#This Row],[Group]],'Opp Name'!$M:$M) -> 0 | Z10: =Y10/V10 -> #DIV/0!
B11: 6 | I11: =H11*E11 -> 0 | J11: {=IFERROR(_xlfn.SWITCH(G11, $Q$10, $R$10, $Q$11, $R$11, $Q$12, $R$12, $Q$13, $R$13, $Q$14, $R$14, $Q$15, $R$15, $Q$16, $R$16, $Q$17, $R$17, $Q$18, $R$18,$Q$19,$R$19,$Q$20,$R$20,$Q$21,$R$21,$Q$22,$R$22,$Q$23,$R$23,$Q$24,$R$24), 0)} -> 0 | K11: =IFERROR(H11*(1-J11),0) -> 0 | L11: =IFERROR(K11*E11,0)/$L$5 -> 0 | M11: =IFERROR(K11*E11,0) -> 0 | N11: {=IFERROR(K11*(1+IFERROR(_xlfn.SWITCH(G11, $Q$10, $S$10, $Q$11, $S$11, $Q$12, $S$12, $Q$13, $S$13, $Q$14, $S$14, $Q$15, $S$15, $Q$16, $S$16, $Q$17, $S$17, $Q$18, $S$18,$Q$19,$S$19,$Q$20,$S$20,$Q$21,$S$21,$Q$22,$S$22,$Q$23,$S$23,$Q$24,$S$24), $S$10))*bp, 0)} -> 0 | O11: =IFERROR(N11*E11,0) -> 0 | Q11: Integrated SW | R11: 0 | S11: =isaas -> 0.1383 | U11: Success Package | V11: ='Opportunity_Name USD'!$E$6 -> 0 | W11: =SUMIF('Opp Name'!$F:$F,Table142[[#This Row],[Group]],'Opp Name'!$I:$I) -> 0 | X11: =W11/V11 -> #DIV/0! | Y11: =SUMIF('Opp Name'!$F:$F,Table142[[#This Row],[Group]],'Opp Name'!$M:$M) -> 0 | Z11: =Y11/V11 -> #DIV/0!
B12: 7 | I12: =H12*E12 -> 0 | J12: {=IFERROR(_xlfn.SWITCH(G12, $Q$10, $R$10, $Q$11, $R$11, $Q$12, $R$12, $Q$13, $R$13, $Q$14, $R$14, $Q$15, $R$15, $Q$16, $R$16, $Q$17, $R$17, $Q$18, $R$18,$Q$19,$R$19,$Q$20,$R$20,$Q$21,$R$21,$Q$22,$R$22,$Q$23,$R$23,$Q$24,$R$24), 0)} -> 0 | K12: =IFERROR(H12*(1-J12),0) -> 0 | L12: =IFERROR(K12*E12,0)/$L$5 -> 0 | M12: =IFERROR(K12*E12,0) -> 0 | N12: {=IFERROR(K12*(1+IFERROR(_xlfn.SWITCH(G12, $Q$10, $S$10, $Q$11, $S$11, $Q$12, $S$12, $Q$13, $S$13, $Q$14, $S$14, $Q$15, $S$15, $Q$16, $S$16, $Q$17, $S$17, $Q$18, $S$18,$Q$19,$S$19,$Q$20,$S$20,$Q$21,$S$21,$Q$22,$S$22,$Q$23,$S$23,$Q$24,$S$24), $S$10))*bp, 0)} -> 0 | O12: =IFERROR(N12*E12,0) -> 0 | Q12: CXone SW | R12: 0 | S12: =isaas -> 0.1383 | U12: Video/Co-browse | V12: ='Opportunity_Name USD'!$E$6 -> 0 | W12: =SUMIF('Opp Name'!$F:$F,Table142[[#This Row],[Group]],'Opp Name'!$I:$I) -> 0 | X12: =W12/V12 -> #DIV/0! | Y12: =SUMIF('Opp Name'!$F:$F,Table142[[#This Row],[Group]],'Opp Name'!$M:$M) -> 0 | Z12: =Y12/V12 -> #DIV/0!
B13: 8 | I13: =H13*E13 -> 0 | J13: {=IFERROR(_xlfn.SWITCH(G13, $Q$10, $R$10, $Q$11, $R$11, $Q$12, $R$12, $Q$13, $R$13, $Q$14, $R$14, $Q$15, $R$15, $Q$16, $R$16, $Q$17, $R$17, $Q$18, $R$18,$Q$19,$R$19,$Q$20,$R$20,$Q$21,$R$21,$Q$22,$R$22,$Q$23,$R$23,$Q$24,$R$24), 0)} -> 0 | K13: =IFERROR(H13*(1-J13),0) -> 0 | L13: =IFERROR(K13*E13,0)/$L$5 -> 0 | M13: =IFERROR(K13*E13,0) -> 0 | N13: {=IFERROR(K13*(1+IFERROR(_xlfn.SWITCH(G13, $Q$10, $S$10, $Q$11, $S$11, $Q$12, $S$12, $Q$13, $S$13, $Q$14, $S$14, $Q$15, $S$15, $Q$16, $S$16, $Q$17, $S$17, $Q$18, $S$18,$Q$19,$S$19,$Q$20,$S$20,$Q$21,$S$21,$Q$22,$S$22,$Q$23,$S$23,$Q$24,$S$24), $S$10))*bp, 0)} -> 0 | O13: =IFERROR(N13*E13,0) -> 0 | Q13: Services | R13: 0 | S13: =iserv -> 0.0701 | U13: Dialer | V13: ='Opportunity_Name USD'!$E$6 -> 0 | W13: =SUMIF('Opp Name'!$F:$F,Table142[[#This Row],[Group]],'Opp Name'!$I:$I) -> 0 | X13: =W13/V13 -> #DIV/0! | Y13: =SUMIF('Opp Name'!$F:$F,Table142[[#This Row],[Group]],'Opp Name'!$M:$M) -> 0 | Z13: =Y13/V13 -> #DIV/0!
B14: 9 | I14: =H14*E14 -> 0 | J14: {=IFERROR(_xlfn.SWITCH(G14, $Q$10, $R$10, $Q$11, $R$11, $Q$12, $R$12, $Q$13, $R$13, $Q$14, $R$14, $Q$15, $R$15, $Q$16, $R$16, $Q$17, $R$17, $Q$18, $R$18,$Q$19,$R$19,$Q$20,$R$20,$Q$21,$R$21,$Q$22,$R$22,$Q$23,$R$23,$Q$24,$R$24), 0)} -> 0 | K14: =IFERROR(H14*(1-J14),0) -> 0 | L14: =IFERROR(K14*E14,0)/$L$5 -> 0 | M14: =IFERROR(K14*E14,0) -> 0 | N14: {=IFERROR(K14*(1+IFERROR(_xlfn.SWITCH(G14, $Q$10, $S$10, $Q$11, $S$11, $Q$12, $S$12, $Q$13, $S$13, $Q$14, $S$14, $Q$15, $S$15, $Q$16, $S$16, $Q$17, $S$17, $Q$18, $S$18,$Q$19,$S$19,$Q$20,$S$20,$Q$21,$S$21,$Q$22,$S$22,$Q$23,$S$23,$Q$24,$S$24), $S$10))*bp, 0)} -> 0 | O14: =IFERROR(N14*E14,0) -> 0 | Q14: Support | R14: 0 | S14: =isaas -> 0.1383 | U14: WFM IEX | V14: ='Opportunity_Name USD'!$E$6 -> 0 | W14: =SUMIF('Opp Name'!$F:$F,Table142[[#This Row],[Group]],'Opp Name'!$I:$I) -> 0 | X14: =W14/V14 -> #DIV/0! | Y14: =SUMIF('Opp Name'!$F:$F,Table142[[#This Row],[Group]],'Opp Name'!$M:$M) -> 0 | Z14: =Y14/V14 -> #DIV/0!
B15: 10 | I15: =H15*E15 -> 0 | J15: {=IFERROR(_xlfn.SWITCH(G15, $Q$10, $R$10, $Q$11, $R$11, $Q$12, $R$12, $Q$13, $R$13, $Q$14, $R$14, $Q$15, $R$15, $Q$16, $R$16, $Q$17, $R$17, $Q$18, $R$18,$Q$19,$R$19,$Q$20,$R$20,$Q$21,$R$21,$Q$22,$R$22,$Q$23,$R$23,$Q$24,$R$24), 0)} -> 0 | K15: =IFERROR(H15*(1-J15),0) -> 0 | L15: =IFERROR(K15*E15,0)/$L$5 -> 0 | M15: =IFERROR(K15*E15,0) -> 0 | N15: {=IFERROR(K15*(1+IFERROR(_xlfn.SWITCH(G15, $Q$10, $S$10, $Q$11, $S$11, $Q$12, $S$12, $Q$13, $S$13, $Q$14, $S$14, $Q$15, $S$15, $Q$16, $S$16, $Q$17, $S$17, $Q$18, $S$18,$Q$19,$S$19,$Q$20,$S$20,$Q$21,$S$21,$Q$22,$S$22,$Q$23,$S$23,$Q$24,$S$24), $S$10))*bp, 0)} -> 0 | O15: =IFERROR(N15*E15,0) -> 0 | Q15: Success Package | R15: 0 | S15: =isaas -> 0.1383 | U15: Knowledge | V15: ='Opportunity_Name USD'!$E$6 -> 0 | W15: =SUMIF('Opp Name'!$F:$F,Table142[[#This Row],[Group]],'Opp Name'!$I:$I) -> 0 | X15: =W15/V15 -> #DIV/0! | Y15: =SUMIF('Opp Name'!$F:$F,Table142[[#This Row],[Group]],'Opp Name'!$M:$M) -> 0 | Z15: =Y15/V15 -> #DIV/0!
B16: 11 | I16: =H16*E16 -> 0 | J16: {=IFERROR(_xlfn.SWITCH(G16, $Q$10, $R$10, $Q$11, $R$11, $Q$12, $R$12, $Q$13, $R$13, $Q$14, $R$14, $Q$15, $R$15, $Q$16, $R$16, $Q$17, $R$17, $Q$18, $R$18,$Q$19,$R$19,$Q$20,$R$20,$Q$21,$R$21,$Q$22,$R$22,$Q$23,$R$23,$Q$24,$R$24), 0)} -> 0 | K16: =IFERROR(H16*(1-J16),0) -> 0 | L16: =IFERROR(K16*E16,0)/$L$5 -> 0 | M16: =IFERROR(K16*E16,0) -> 0 | N16: {=IFERROR(K16*(1+IFERROR(_xlfn.SWITCH(G16, $Q$10, $S$10, $Q$11, $S$11, $Q$12, $S$12, $Q$13, $S$13, $Q$14, $S$14, $Q$15, $S$15, $Q$16, $S$16, $Q$17, $S$17, $Q$18, $S$18,$Q$19,$S$19,$Q$20,$S$20,$Q$21,$S$21,$Q$22,$S$22,$Q$23,$S$23,$Q$24,$S$24), $S$10))*bp, 0)} -> 0 | O16: =IFERROR(N16*E16,0) -> 0 | Q16: Others | R16: 0 | S16: =isaas -> 0.1383 | U16: Gamification | V16: ='Opportunity_Name USD'!$E$6 -> 0 | W16: =SUMIF('Opp Name'!$F:$F,Table142[[#This Row],[Group]],'Opp Name'!$I:$I) -> 0 | X16: =W16/V16 -> #DIV/0! | Y16: =SUMIF('Opp Name'!$F:$F,Table142[[#This Row],[Group]],'Opp Name'!$M:$M) -> 0 | Z16: =Y16/V16 -> #DIV/0!
B17: 12 | I17: =H17*E17 -> 0 | J17: {=IFERROR(_xlfn.SWITCH(G17, $Q$10, $R$10, $Q$11, $R$11, $Q$12, $R$12, $Q$13, $R$13, $Q$14, $R$14, $Q$15, $R$15, $Q$16, $R$16, $Q$17, $R$17, $Q$18, $R$18,$Q$19,$R$19,$Q$20,$R$20,$Q$21,$R$21,$Q$22,$R$22,$Q$23,$R$23,$Q$24,$R$24), 0)} -> 0 | K17: =IFERROR(H17*(1-J17),0) -> 0 | L17: =IFERROR(K17*E17,0)/$L$5 -> 0 | M17: =IFERROR(K17*E17,0) -> 0 | N17: {=IFERROR(K17*(1+IFERROR(_xlfn.SWITCH(G17, $Q$10, $S$10, $Q$11, $S$11, $Q$12, $S$12, $Q$13, $S$13, $Q$14, $S$14, $Q$15, $S$15, $Q$16, $S$16, $Q$17, $S$17, $Q$18, $S$18,$Q$19,$S$19,$Q$20,$S$20,$Q$21,$S$21,$Q$22,$S$22,$Q$23,$S$23,$Q$24,$S$24), $S$10))*bp, 0)} -> 0 | O17: =IFERROR(N17*E17,0) -> 0 | Q17: 3rd Party | R17: 0 | S17: =isaas -> 0.1383 | U17: VAH | V17: ='Opportunity_Name USD'!$E$6 -> 0 | W17: =SUMIF('Opp Name'!$F:$F,Table142[[#This Row],[Group]],'Opp Name'!$I:$I) -> 0 | X17: =W17/V17 -> #DIV/0! | Y17: =SUMIF('Opp Name'!$F:$F,Table142[[#This Row],[Group]],'Opp Name'!$M:$M) -> 0 | Z17: =Y17/V17 -> #DIV/0!
B18: 13 | I18: =H18*E18 -> 0 | J18: {=IFERROR(_xlfn.SWITCH(G18, $Q$10, $R$10, $Q$11, $R$11, $Q$12, $R$12, $Q$13, $R$13, $Q$14, $R$14, $Q$15, $R$15, $Q$16, $R$16, $Q$17, $R$17, $Q$18, $R$18,$Q$19,$R$19,$Q$20,$R$20,$Q$21,$R$21,$Q$22,$R$22,$Q$23,$R$23,$Q$24,$R$24), 0)} -> 0 | K18: =IFERROR(H18*(1-J18),0) -> 0 | L18: =IFERROR(K18*E18,0)/$L$5 -> 0 | M18: =IFERROR(K18*E18,0) -> 0 | N18: {=IFERROR(K18*(1+IFERROR(_xlfn.SWITCH(G18, $Q$10, $S$10, $Q$11, $S$11, $Q$12, $S$12, $Q$13, $S$13, $Q$14, $S$14, $Q$15, $S$15, $Q$16, $S$16, $Q$17, $S$17, $Q$18, $S$18,$Q$19,$S$19,$Q$20,$S$20,$Q$21,$S$21,$Q$22,$S$22,$Q$23,$S$23,$Q$24,$S$24), $S$10))*bp, 0)} -> 0 | O18: =IFERROR(N18*E18,0) -> 0 | Q18: Training and Onboarding | R18: 0 | S18: =iserv -> 0.0701 | U18: CRM | V18: ='Opportunity_Name USD'!$E$6 -> 0 | W18: =SUMIF('Opp Name'!$F:$F,Table142[[#This Row],[Group]],'Opp Name'!$I:$I) -> 0 | X18: =W18/V18 -> #DIV/0! | Y18: =SUMIF('Opp Name'!$F:$F,Table142[[#This Row],[Group]],'Opp Name'!$M:$M) -> 0 | Z18: =Y18/V18 -> #DIV/0!
B19: 14 | I19: =H19*E19 -> 0 | J19: {=IFERROR(_xlfn.SWITCH(G19, $Q$10, $R$10, $Q$11, $R$11, $Q$12, $R$12, $Q$13, $R$13, $Q$14, $R$14, $Q$15, $R$15, $Q$16, $R$16, $Q$17, $R$17, $Q$18, $R$18,$Q$19,$R$19,$Q$20,$R$20,$Q$21,$R$21,$Q$22,$R$22,$Q$23,$R$23,$Q$24,$R$24), 0)} -> 0 | K19: =IFERROR(H19*(1-J19),0) -> 0 | L19: =IFERROR(K19*E19,0)/$L$5 -> 0 | M19: =IFERROR(K19*E19,0) -> 0 | N19: {=IFERROR(K19*(1+IFERROR(_xlfn.SWITCH(G19, $Q$10, $S$10, $Q$11, $S$11, $Q$12, $S$12, $Q$13, $S$13, $Q$14, $S$14, $Q$15, $S$15, $Q$16, $S$16, $Q$17, $S$17, $Q$18, $S$18,$Q$19,$S$19,$Q$20,$S$20,$Q$21,$S$21,$Q$22,$S$22,$Q$23,$S$23,$Q$24,$S$24), $S$10))*bp, 0)} -> 0 | O19: =IFERROR(N19*E19,0) -> 0 | Q19: Connectivity MRC | R19: 0 | S19: =iconn -> 0.11 | U19: Add-on | V19: ='Opportunity_Name USD'!$E$6 -> 0 | W19: =SUMIF('Opp Name'!$F:$F,Table142[[#This Row],[Group]],'Opp Name'!$I:$I) -> 0 | X19: =W19/V19 -> #DIV/0! | Y19: =SUMIF('Opp Name'!$F:$F,Table142[[#This Row],[Group]],'Opp Name'!$M:$M) -> 0 | Z19: =Y19/V19 -> #DIV/0!
B20: 15 | I20: =H20*E20 -> 0 | J20: {=IFERROR(_xlfn.SWITCH(G20, $Q$10, $R$10, $Q$11, $R$11, $Q$12, $R$12, $Q$13, $R$13, $Q$14, $R$14, $Q$15, $R$15, $Q$16, $R$16, $Q$17, $R$17, $Q$18, $R$18,$Q$19,$R$19,$Q$20,$R$20,$Q$21,$R$21,$Q$22,$R$22,$Q$23,$R$23,$Q$24,$R$24), 0)} -> 0 | K20: =IFERROR(H20*(1-J20),0) -> 0 | L20: =IFERROR(K20*E20,0)/$L$5 -> 0 | M20: =IFERROR(K20*E20,0) -> 0 | N20: {=IFERROR(K20*(1+IFERROR(_xlfn.SWITCH(G20, $Q$10, $S$10, $Q$11, $S$11, $Q$12, $S$12, $Q$13, $S$13, $Q$14, $S$14, $Q$15, $S$15, $Q$16, $S$16, $Q$17, $S$17, $Q$18, $S$18,$Q$19,$S$19,$Q$20,$S$20,$Q$21,$S$21,$Q$22,$S$22,$Q$23,$S$23,$Q$24,$S$24), $S$10))*bp, 0)} -> 0 | O20: =IFERROR(N20*E20,0) -> 0 | Q20: Connectivity NRC | R20: 0 | S20: =iconn -> 0.11 | U20: Others | V20: ='Opportunity_Name USD'!$E$6 -> 0 | W20: =SUMIF('Opp Name'!$F:$F,Table142[[#This Row],[Group]],'Opp Name'!$I:$I) -> 0 | X20: =W20/V20 -> #DIV/0! | Y20: =SUMIF('Opp Name'!$F:$F,Table142[[#This Row],[Group]],'Opp Name'!$M:$M) -> 0 | Z20: =Y20/V20 -> #DIV/0!
B21: 16 | I21: =H21*E21 -> 0 | J21: {=IFERROR(_xlfn.SWITCH(G21, $Q$10, $R$10, $Q$11, $R$11, $Q$12, $R$12, $Q$13, $R$13, $Q$14, $R$14, $Q$15, $R$15, $Q$16, $R$16, $Q$17, $R$17, $Q$18, $R$18,$Q$19,$R$19,$Q$20,$R$20,$Q$21,$R$21,$Q$22,$R$22,$Q$23,$R$23,$Q$24,$R$24), 0)} -> 0 | K21: =IFERROR(H21*(1-J21),0) -> 0 | L21: =IFERROR(K21*E21,0)/$L$5 -> 0 | M21: =IFERROR(K21*E21,0) -> 0 | N21: {=IFERROR(K21*(1+IFERROR(_xlfn.SWITCH(G21, $Q$10, $S$10, $Q$11, $S$11, $Q$12, $S$12, $Q$13, $S$13, $Q$14, $S$14, $Q$15, $S$15, $Q$16, $S$16, $Q$17, $S$17, $Q$18, $S$18,$Q$19,$S$19,$Q$20,$S$20,$Q$21,$S$21,$Q$22,$S$22,$Q$23,$S$23,$Q$24,$S$24), $S$10))*bp, 0)} -> 0 | O21: =IFERROR(N21*E21,0) -> 0 | Q21: Usage | R21: 0 | S21: =isaas -> 0.1383 | T21: #0C769E | V21: ='Opportunity_Name USD'!$E$6 -> 0 | W21: =SUMIF('Opp Name'!$F:$F,Table142[[#This Row],[Group]],'Opp Name'!$I:$I) -> 0 | X21: =W21/V21 -> #DIV/0! | Y21: =SUMIF('Opp Name'!$F:$F,Table142[[#This Row],[Group]],'Opp Name'!$M:$M) -> 0 | Z21: =Y21/V21 -> #DIV/0!
B22: 17 | I22: =H22*E22 -> 0 | J22: {=IFERROR(_xlfn.SWITCH(G22, $Q$10, $R$10, $Q$11, $R$11, $Q$12, $R$12, $Q$13, $R$13, $Q$14, $R$14, $Q$15, $R$15, $Q$16, $R$16, $Q$17, $R$17, $Q$18, $R$18,$Q$19,$R$19,$Q$20,$R$20,$Q$21,$R$21,$Q$22,$R$22,$Q$23,$R$23,$Q$24,$R$24), 0)} -> 0 | K22: =IFERROR(H22*(1-J22),0) -> 0 | L22: =IFERROR(K22*E22,0)/$L$5 -> 0 | M22: =IFERROR(K22*E22,0) -> 0 | N22: {=IFERROR(K22*(1+IFERROR(_xlfn.SWITCH(G22, $Q$10, $S$10, $Q$11, $S$11, $Q$12, $S$12, $Q$13, $S$13, $Q$14, $S$14, $Q$15, $S$15, $Q$16, $S$16, $Q$17, $S$17, $Q$18, $S$18,$Q$19,$S$19,$Q$20,$S$20,$Q$21,$S$21,$Q$22,$S$22,$Q$23,$S$23,$Q$24,$S$24), $S$10))*bp, 0)} -> 0 | O22: =IFERROR(N22*E22,0) -> 0 | Q22: Schedule B | R22: 0 | S22: =isaas -> 0.1383 | T22: #92D050 | V22: ='Opportunity_Name USD'!$E$6 -> 0 | W22: =SUMIF('Opp Name'!$F:$F,Table142[[#This Row],[Group]],'Opp Name'!$I:$I) -> 0 | X22: =W22/V22 -> #DIV/0! | Y22: =SUMIF('Opp Name'!$F:$F,Table142[[#This Row],[Group]],'Opp Name'!$M:$M) -> 0 | Z22: =Y22/V22 -> #DIV/0!
B23: 18 | I23: =H23*E23 -> 0 | J23: {=IFERROR(_xlfn.SWITCH(G23, $Q$10, $R$10, $Q$11, $R$11, $Q$12, $R$12, $Q$13, $R$13, $Q$14, $R$14, $Q$15, $R$15, $Q$16, $R$16, $Q$17, $R$17, $Q$18, $R$18,$Q$19,$R$19,$Q$20,$R$20,$Q$21,$R$21,$Q$22,$R$22,$Q$23,$R$23,$Q$24,$R$24), 0)} -> 0 | K23: =IFERROR(H23*(1-J23),0) -> 0 | L23: =IFERROR(K23*E23,0)/$L$5 -> 0 | M23: =IFERROR(K23*E23,0) -> 0 | N23: {=IFERROR(K23*(1+IFERROR(_xlfn.SWITCH(G23, $Q$10, $S$10, $Q$11, $S$11, $Q$12, $S$12, $Q$13, $S$13, $Q$14, $S$14, $Q$15, $S$15, $Q$16, $S$16, $Q$17, $S$17, $Q$18, $S$18,$Q$19,$S$19,$Q$20,$S$20,$Q$21,$S$21,$Q$22,$S$22,$Q$23,$S$23,$Q$24,$S$24), $S$10))*bp, 0)} -> 0 | O23: =IFERROR(N23*E23,0) -> 0 | Q23: Storage | R23: 0 | S23: =isaas -> 0.1383 | T23: #E49EDD | V23: ='Opportunity_Name USD'!$E$6 -> 0 | W23: =SUMIF('Opp Name'!$F:$F,Table142[[#This Row],[Group]],'Opp Name'!$I:$I) -> 0 | X23: =W23/V23 -> #DIV/0! | Y23: =SUMIF('Opp Name'!$F:$F,Table142[[#This Row],[Group]],'Opp Name'!$M:$M) -> 0 | Z23: =Y23/V23 -> #DIV/0!
B24: 19 | I24: =H24*E24 -> 0 | J24: {=IFERROR(_xlfn.SWITCH(G24, $Q$10, $R$10, $Q$11, $R$11, $Q$12, $R$12, $Q$13, $R$13, $Q$14, $R$14, $Q$15, $R$15, $Q$16, $R$16, $Q$17, $R$17, $Q$18, $R$18,$Q$19,$R$19,$Q$20,$R$20,$Q$21,$R$21,$Q$22,$R$22,$Q$23,$R$23,$Q$24,$R$24), 0)} -> 0 | K24: =IFERROR(H24*(1-J24),0) -> 0 | L24: =IFERROR(K24*E24,0)/$L$5 -> 0 | M24: =IFERROR(K24*E24,0) -> 0 | N24: {=IFERROR(K24*(1+IFERROR(_xlfn.SWITCH(G24, $Q$10, $S$10, $Q$11, $S$11, $Q$12, $S$12, $Q$13, $S$13, $Q$14, $S$14, $Q$15, $S$15, $Q$16, $S$16, $Q$17, $S$17, $Q$18, $S$18,$Q$19,$S$19,$Q$20,$S$20,$Q$21,$S$21,$Q$22,$S$22,$Q$23,$S$23,$Q$24,$S$24), $S$10))*bp, 0)} -> 0 | O24: =IFERROR(N24*E24,0) -> 0 | R24: 0 | S24: =isaas -> 0.1383 | U24: Total | W24: =SUBTOTAL(109,Table142[List Price BRL]) -> 0 | Y24: =SUBTOTAL(109,Table142[Discounted Price BRL]) -> 0
B25: 20 | I25: =H25*E25 -> 0 | J25: {=IFERROR(_xlfn.SWITCH(G25, $Q$10, $R$10, $Q$11, $R$11, $Q$12, $R$12, $Q$13, $R$13, $Q$14, $R$14, $Q$15, $R$15, $Q$16, $R$16, $Q$17, $R$17, $Q$18, $R$18,$Q$19,$R$19,$Q$20,$R$20,$Q$21,$R$21,$Q$22,$R$22,$Q$23,$R$23,$Q$24,$R$24), 0)} -> 0 | K25: =IFERROR(H25*(1-J25),0) -> 0 | L25: =IFERROR(K25*E25,0)/$L$5 -> 0 | M25: =IFERROR(K25*E25,0) -> 0 | N25: {=IFERROR(K25*(1+IFERROR(_xlfn.SWITCH(G25, $Q$10, $S$10, $Q$11, $S$11, $Q$12, $S$12, $Q$13, $S$13, $Q$14, $S$14, $Q$15, $S$15, $Q$16, $S$16, $Q$17, $S$17, $Q$18, $S$18,$Q$19,$S$19,$Q$20,$S$20,$Q$21,$S$21,$Q$22,$S$22,$Q$23,$S$23,$Q$24,$S$24), $S$10))*bp, 0)} -> 0 | O25: =IFERROR(N25*E25,0) -> 0
B26: 21 | I26: =H26*E26 -> 0 | J26: {=IFERROR(_xlfn.SWITCH(G26, $Q$10, $R$10, $Q$11, $R$11, $Q$12, $R$12, $Q$13, $R$13, $Q$14, $R$14, $Q$15, $R$15, $Q$16, $R$16, $Q$17, $R$17, $Q$18, $R$18,$Q$19,$R$19,$Q$20,$R$20,$Q$21,$R$21,$Q$22,$R$22,$Q$23,$R$23,$Q$24,$R$24), 0)} -> 0 | K26: =IFERROR(H26*(1-J26),0) -> 0 | L26: =IFERROR(K26*E26,0)/$L$5 -> 0 | M26: =IFERROR(K26*E26,0) -> 0 | N26: {=IFERROR(K26*(1+IFERROR(_xlfn.SWITCH(G26, $Q$10, $S$10, $Q$11, $S$11, $Q$12, $S$12, $Q$13, $S$13, $Q$14, $S$14, $Q$15, $S$15, $Q$16, $S$16, $Q$17, $S$17, $Q$18, $S$18,$Q$19,$S$19,$Q$20,$S$20,$Q$21,$S$21,$Q$22,$S$22,$Q$23,$S$23,$Q$24,$S$24), $S$10))*bp, 0)} -> 0 | O26: =IFERROR(N26*E26,0) -> 0
I27: =SUM(I6:I26) -> 0 | L27: =SUM(L6:L26) -> 0 | M27: =SUM(M6:M26) -> 0 | O27: =SUM(O6:O26) -> 0
L28: =L27/E6 -> #DIV/0!
B29: SOFTWARE USAGE PRODUCTS | H29: PRICE LIST | J29: FOB NET PRICE | N29: SELL PRICE (WITH TAXES)
B30: # | C30: Product | D30: SKU | E30: Quantity | F30: Group | G30: Prod Category Discount | H30: Unit Partner Price | I30: Total Partner Price | J30: Additional Discount | K30: Unit Price (FOB) | L30: =$L$5 -> 1 | M30: FOB NET | N30: Unit Sell Price | O30: Total Sell Price
B31: 1 | I31: =H31*E31 -> 0 | J31: {=IFERROR(_xlfn.SWITCH(G31, $Q$10, $R$10, $Q$11, $R$11, $Q$12, $R$12, $Q$13, $R$13, $Q$14, $R$14, $Q$15, $R$15, $Q$16, $R$16, $Q$17, $R$17, $Q$18, $R$18,$Q$19,$R$19,$Q$20,$R$20,$Q$21,$R$21,$Q$22,$R$22,$Q$23,$R$23,$Q$24,$R$24), 0)} -> 0 | K31: =IFERROR(H31*(1-J31),0) -> 0 | L31: =IFERROR(K31*E31,0)/$L$5 -> 0 | M31: =IFERROR(K31*E31,0) -> 0 | N31: {=IFERROR(K31*(1+IFERROR(_xlfn.SWITCH(G31, $Q$10, $S$10, $Q$11, $S$11, $Q$12, $S$12, $Q$13, $S$13, $Q$14, $S$14, $Q$15, $S$15, $Q$16, $S$16, $Q$17, $S$17, $Q$18, $S$18,$Q$19,$S$19,$Q$20,$S$20,$Q$21,$S$21,$Q$22,$S$22,$Q$23,$S$23,$Q$24,$S$24), $S$10))*bp, 0)} -> 0 | O31: =IFERROR(N31*E31,0) -> 0
B32: 2 | I32: =H32*E32 -> 0 | J32: {=IFERROR(_xlfn.SWITCH(G32, $Q$10, $R$10, $Q$11, $R$11, $Q$12, $R$12, $Q$13, $R$13, $Q$14, $R$14, $Q$15, $R$15, $Q$16, $R$16, $Q$17, $R$17, $Q$18, $R$18,$Q$19,$R$19,$Q$20,$R$20,$Q$21,$R$21,$Q$22,$R$22,$Q$23,$R$23,$Q$24,$R$24), 0)} -> 0 | K32: =IFERROR(H32*(1-J32),0) -> 0 | L32: =IFERROR(K32*E32,0)/$L$5 -> 0 | M32: =IFERROR(K32*E32,0) -> 0 | N32: {=IFERROR(K32*(1+IFERROR(_xlfn.SWITCH(G32, $Q$10, $S$10, $Q$11, $S$11, $Q$12, $S$12, $Q$13, $S$13, $Q$14, $S$14, $Q$15, $S$15, $Q$16, $S$16, $Q$17, $S$17, $Q$18, $S$18,$Q$19,$S$19,$Q$20,$S$20,$Q$21,$S$21,$Q$22,$S$22,$Q$23,$S$23,$Q$24,$S$24), $S$10))*bp, 0)} -> 0 | O32: =IFERROR(N32*E32,0) -> 0
B33: 3 | I33: =H33*E33 -> 0 | J33: {=IFERROR(_xlfn.SWITCH(G33, $Q$10, $R$10, $Q$11, $R$11, $Q$12, $R$12, $Q$13, $R$13, $Q$14, $R$14, $Q$15, $R$15, $Q$16, $R$16, $Q$17, $R$17, $Q$18, $R$18,$Q$19,$R$19,$Q$20,$R$20,$Q$21,$R$21,$Q$22,$R$22,$Q$23,$R$23,$Q$24,$R$24), 0)} -> 0 | K33: =IFERROR(H33*(1-J33),0) -> 0 | L33: =IFERROR(K33*E33,0)/$L$5 -> 0 | M33: =IFERROR(K33*E33,0) -> 0 | N33: {=IFERROR(K33*(1+IFERROR(_xlfn.SWITCH(G33, $Q$10, $S$10, $Q$11, $S$11, $Q$12, $S$12, $Q$13, $S$13, $Q$14, $S$14, $Q$15, $S$15, $Q$16, $S$16, $Q$17, $S$17, $Q$18, $S$18,$Q$19,$S$19,$Q$20,$S$20,$Q$21,$S$21,$Q$22,$S$22,$Q$23,$S$23,$Q$24,$S$24), $S$10))*bp, 0)} -> 0 | O33: =IFERROR(N33*E33,0) -> 0
B34: 4 | I34: =H34*E34 -> 0 | J34: {=IFERROR(_xlfn.SWITCH(G34, $Q$10, $R$10, $Q$11, $R$11, $Q$12, $R$12, $Q$13, $R$13, $Q$14, $R$14, $Q$15, $R$15, $Q$16, $R$16, $Q$17, $R$17, $Q$18, $R$18,$Q$19,$R$19,$Q$20,$R$20,$Q$21,$R$21,$Q$22,$R$22,$Q$23,$R$23,$Q$24,$R$24), 0)} -> 0 | K34: =IFERROR(H34*(1-J34),0) -> 0 | L34: =IFERROR(K34*E34,0)/$L$5 -> 0 | M34: =IFERROR(K34*E34,0) -> 0 | N34: {=IFERROR(K34*(1+IFERROR(_xlfn.SWITCH(G34, $Q$10, $S$10, $Q$11, $S$11, $Q$12, $S$12, $Q$13, $S$13, $Q$14, $S$14, $Q$15, $S$15, $Q$16, $S$16, $Q$17, $S$17, $Q$18, $S$18,$Q$19,$S$19,$Q$20,$S$20,$Q$21,$S$21,$Q$22,$S$22,$Q$23,$S$23,$Q$24,$S$24), $S$10))*bp, 0)} -> 0 | O34: =IFERROR(N34*E34,0) -> 0
B35: 5 | I35: =H35*E35 -> 0 | J35: {=IFERROR(_xlfn.SWITCH(G35, $Q$10, $R$10, $Q$11, $R$11, $Q$12, $R$12, $Q$13, $R$13, $Q$14, $R$14, $Q$15, $R$15, $Q$16, $R$16, $Q$17, $R$17, $Q$18, $R$18,$Q$19,$R$19,$Q$20,$R$20,$Q$21,$R$21,$Q$22,$R$22,$Q$23,$R$23,$Q$24,$R$24), 0)} -> 0 | K35: =IFERROR(H35*(1-J35),0) -> 0 | L35: =IFERROR(K35*E35,0)/$L$5 -> 0 | M35: =IFERROR(K35*E35,0) -> 0 | N35: {=IFERROR(K35*(1+IFERROR(_xlfn.SWITCH(G35, $Q$10, $S$10, $Q$11, $S$11, $Q$12, $S$12, $Q$13, $S$13, $Q$14, $S$14, $Q$15, $S$15, $Q$16, $S$16, $Q$17, $S$17, $Q$18, $S$18,$Q$19,$S$19,$Q$20,$S$20,$Q$21,$S$21,$Q$22,$S$22,$Q$23,$S$23,$Q$24,$S$24), $S$10))*bp, 0)} -> 0 | O35: =IFERROR(N35*E35,0) -> 0
B36: 6 | I36: =H36*E36 -> 0 | J36: {=IFERROR(_xlfn.SWITCH(G36, $Q$10, $R$10, $Q$11, $R$11, $Q$12, $R$12, $Q$13, $R$13, $Q$14, $R$14, $Q$15, $R$15, $Q$16, $R$16, $Q$17, $R$17, $Q$18, $R$18,$Q$19,$R$19,$Q$20,$R$20,$Q$21,$R$21,$Q$22,$R$22,$Q$23,$R$23,$Q$24,$R$24), 0)} -> 0 | K36: =IFERROR(H36*(1-J36),0) -> 0 | L36: =IFERROR(K36*E36,0)/$L$5 -> 0 | M36: =IFERROR(K36*E36,0) -> 0 | N36: {=IFERROR(K36*(1+IFERROR(_xlfn.SWITCH(G36, $Q$10, $S$10, $Q$11, $S$11, $Q$12, $S$12, $Q$13, $S$13, $Q$14, $S$14, $Q$15, $S$15, $Q$16, $S$16, $Q$17, $S$17, $Q$18, $S$18,$Q$19,$S$19,$Q$20,$S$20,$Q$21,$S$21,$Q$22,$S$22,$Q$23,$S$23,$Q$24,$S$24), $S$10))*bp, 0)} -> 0 | O36: =IFERROR(N36*E36,0) -> 0
B37: 7 | I37: =H37*E37 -> 0 | J37: {=IFERROR(_xlfn.SWITCH(G37, $Q$10, $R$10, $Q$11, $R$11, $Q$12, $R$12, $Q$13, $R$13, $Q$14, $R$14, $Q$15, $R$15, $Q$16, $R$16, $Q$17, $R$17, $Q$18, $R$18,$Q$19,$R$19,$Q$20,$R$20,$Q$21,$R$21,$Q$22,$R$22,$Q$23,$R$23,$Q$24,$R$24), 0)} -> 0 | K37: =IFERROR(H37*(1-J37),0) -> 0 | L37: =IFERROR(K37*E37,0)/$L$5 -> 0 | M37: =IFERROR(K37*E37,0) -> 0 | N37: {=IFERROR(K37*(1+IFERROR(_xlfn.SWITCH(G37, $Q$10, $S$10, $Q$11, $S$11, $Q$12, $S$12, $Q$13, $S$13, $Q$14, $S$14, $Q$15, $S$15, $Q$16, $S$16, $Q$17, $S$17, $Q$18, $S$18,$Q$19,$S$19,$Q$20,$S$20,$Q$21,$S$21,$Q$22,$S$22,$Q$23,$S$23,$Q$24,$S$24), $S$10))*bp, 0)} -> 0 | O37: =IFERROR(N37*E37,0) -> 0
B38: 8 | I38: =H38*E38 -> 0 | J38: {=IFERROR(_xlfn.SWITCH(G38, $Q$10, $R$10, $Q$11, $R$11, $Q$12, $R$12, $Q$13, $R$13, $Q$14, $R$14, $Q$15, $R$15, $Q$16, $R$16, $Q$17, $R$17, $Q$18, $R$18,$Q$19,$R$19,$Q$20,$R$20,$Q$21,$R$21,$Q$22,$R$22,$Q$23,$R$23,$Q$24,$R$24), 0)} -> 0 | K38: =IFERROR(H38*(1-J38),0) -> 0 | L38: =IFERROR(K38*E38,0)/$L$5 -> 0 | M38: =IFERROR(K38*E38,0) -> 0 | N38: {=IFERROR(K38*(1+IFERROR(_xlfn.SWITCH(G38, $Q$10, $S$10, $Q$11, $S$11, $Q$12, $S$12, $Q$13, $S$13, $Q$14, $S$14, $Q$15, $S$15, $Q$16, $S$16, $Q$17, $S$17, $Q$18, $S$18,$Q$19,$S$19,$Q$20,$S$20,$Q$21,$S$21,$Q$22,$S$22,$Q$23,$S$23,$Q$24,$S$24), $S$10))*bp, 0)} -> 0 | O38: =IFERROR(N38*E38,0) -> 0
B39: 9 | I39: =H39*E39 -> 0 | J39: {=IFERROR(_xlfn.SWITCH(G39, $Q$10, $R$10, $Q$11, $R$11, $Q$12, $R$12, $Q$13, $R$13, $Q$14, $R$14, $Q$15, $R$15, $Q$16, $R$16, $Q$17, $R$17, $Q$18, $R$18,$Q$19,$R$19,$Q$20,$R$20,$Q$21,$R$21,$Q$22,$R$22,$Q$23,$R$23,$Q$24,$R$24), 0)} -> 0 | K39: =IFERROR(H39*(1-J39),0) -> 0 | L39: =IFERROR(K39*E39,0)/$L$5 -> 0 | M39: =IFERROR(K39*E39,0) -> 0 | N39: {=IFERROR(K39*(1+IFERROR(_xlfn.SWITCH(G39, $Q$10, $S$10, $Q$11, $S$11, $Q$12, $S$12, $Q$13, $S$13, $Q$14, $S$14, $Q$15, $S$15, $Q$16, $S$16, $Q$17, $S$17, $Q$18, $S$18,$Q$19,$S$19,$Q$20,$S$20,$Q$21,$S$21,$Q$22,$S$22,$Q$23,$S$23,$Q$24,$S$24), $S$10))*bp, 0)} -> 0 | O39: =IFERROR(N39*E39,0) -> 0
B40: 10 | I40: =H40*E40 -> 0 | J40: {=IFERROR(_xlfn.SWITCH(G40, $Q$10, $R$10, $Q$11, $R$11, $Q$12, $R$12, $Q$13, $R$13, $Q$14, $R$14, $Q$15, $R$15, $Q$16, $R$16, $Q$17, $R$17, $Q$18, $R$18,$Q$19,$R$19,$Q$20,$R$20,$Q$21,$R$21,$Q$22,$R$22,$Q$23,$R$23,$Q$24,$R$24), 0)} -> 0 | K40: =IFERROR(H40*(1-J40),0) -> 0 | L40: =IFERROR(K40*E40,0)/$L$5 -> 0 | M40: =IFERROR(K40*E40,0) -> 0 | N40: {=IFERROR(K40*(1+IFERROR(_xlfn.SWITCH(G40, $Q$10, $S$10, $Q$11, $S$11, $Q$12, $S$12, $Q$13, $S$13, $Q$14, $S$14, $Q$15, $S$15, $Q$16, $S$16, $Q$17, $S$17, $Q$18, $S$18,$Q$19,$S$19,$Q$20,$S$20,$Q$21,$S$21,$Q$22,$S$22,$Q$23,$S$23,$Q$24,$S$24), $S$10))*bp, 0)} -> 0 | O40: =IFERROR(N40*E40,0) -> 0
B41: 11 | I41: =H41*E41 -> 0 | J41: {=IFERROR(_xlfn.SWITCH(G41, $Q$10, $R$10, $Q$11, $R$11, $Q$12, $R$12, $Q$13, $R$13, $Q$14, $R$14, $Q$15, $R$15, $Q$16, $R$16, $Q$17, $R$17, $Q$18, $R$18,$Q$19,$R$19,$Q$20,$R$20,$Q$21,$R$21,$Q$22,$R$22,$Q$23,$R$23,$Q$24,$R$24), 0)} -> 0 | K41: =IFERROR(H41*(1-J41),0) -> 0 | L41: =IFERROR(K41*E41,0)/$L$5 -> 0 | M41: =IFERROR(K41*E41,0) -> 0 | N41: {=IFERROR(K41*(1+IFERROR(_xlfn.SWITCH(G41, $Q$10, $S$10, $Q$11, $S$11, $Q$12, $S$12, $Q$13, $S$13, $Q$14, $S$14, $Q$15, $S$15, $Q$16, $S$16, $Q$17, $S$17, $Q$18, $S$18,$Q$19,$S$19,$Q$20,$S$20,$Q$21,$S$21,$Q$22,$S$22,$Q$23,$S$23,$Q$24,$S$24), $S$10))*bp, 0)} -> 0 | O41: =IFERROR(N41*E41,0) -> 0
B42: 12 | I42: =H42*E42 -> 0 | J42: {=IFERROR(_xlfn.SWITCH(G42, $Q$10, $R$10, $Q$11, $R$11, $Q$12, $R$12, $Q$13, $R$13, $Q$14, $R$14, $Q$15, $R$15, $Q$16, $R$16, $Q$17, $R$17, $Q$18, $R$18,$Q$19,$R$19,$Q$20,$R$20,$Q$21,$R$21,$Q$22,$R$22,$Q$23,$R$23,$Q$24,$R$24), 0)} -> 0 | K42: =IFERROR(H42*(1-J42),0) -> 0 | L42: =IFERROR(K42*E42,0)/$L$5 -> 0 | M42: =IFERROR(K42*E42,0) -> 0 | N42: {=IFERROR(K42*(1+IFERROR(_xlfn.SWITCH(G42, $Q$10, $S$10, $Q$11, $S$11, $Q$12, $S$12, $Q$13, $S$13, $Q$14, $S$14, $Q$15, $S$15, $Q$16, $S$16, $Q$17, $S$17, $Q$18, $S$18,$Q$19,$S$19,$Q$20,$S$20,$Q$21,$S$21,$Q$22,$S$22,$Q$23,$S$23,$Q$24,$S$24), $S$10))*bp, 0)} -> 0 | O42: =IFERROR(N42*E42,0) -> 0
... B44: 14 | I44: =H44*E44 -> 0 | J44: {=IFERROR(_xlfn.SWITCH(G44, $Q$10, $R$10, $Q$11, $R$11, $Q$12, $R$12, $Q$13, $R$13, $Q$14, $R$14, $Q$15, $R$15, $Q$16, $R$16, $Q$17, $R$17, $Q$18, $R$18,$Q$19,$R$19,$Q$20,$R$20,$Q$21,$R$21,$Q$22,$R$22,$Q$23,$R$23,$Q$24,$R$24), 0)} -> 0 | K44: =IFERROR(H44*(1-J44),0) -> 0 | L44: =IFERROR(K44*E44,0)/$L$5 -> 0 | M44: =IFERROR(K44*E44,0) -> 0 | N44: {=IFERROR(K44*(1+IFERROR(_xlfn.SWITCH(G44, $Q$10, $S$10, $Q$11, $S$11, $Q$12, $S$12, $Q$13, $S$13, $Q$14, $S$14, $Q$15, $S$15, $Q$16, $S$16, $Q$17, $S$17, $Q$18, $S$18,$Q$19,$S$19,$Q$20,$S$20,$Q$21,$S$21,$Q$22,$S$22,$Q$23,$S$23,$Q$24,$S$24), $S$10))*bp, 0)} -> 0 | O44: =IFERROR(N44*E44,0) -> 0
I45: =SUM(I31:I44) -> 0 | L45: =SUM(L31:L44) -> 0 | M45: =SUM(M31:M44) -> 0 | O45: =SUM(O31:O44) -> 0
B47: USAGE SCHEDULE B | H47: PRICE LIST | J47: FOB NET PRICE | N47: SELL PRICE (WITH TAXES)
B48: # | C48: Product | E48: Quantity | F48: Group | G48: Prod Category Discount | H48: Unit Partner Price | I48: Total Partner Price | J48: Additional Discount | K48: Atento Unit Price (FOB) | L48: =$L$5 -> 1 | M48: FOB NET | N48: Unit Sell Price | O48: Total Sell Price
B49: 1 | I49: =H49*E49 -> 0 | J49: {=IFERROR(_xlfn.SWITCH(G49, $Q$10, $R$10, $Q$11, $R$11, $Q$12, $R$12, $Q$13, $R$13, $Q$14, $R$14, $Q$15, $R$15, $Q$16, $R$16, $Q$17, $R$17, $Q$18, $R$18,$Q$19,$R$19,$Q$20,$R$20,$Q$21,$R$21,$Q$22,$R$22,$Q$23,$R$23,$Q$24,$R$24), 0)} -> 0 | K49: =IFERROR(H49*(1-J49),0) -> 0 | L49: =IFERROR(K49*E49,0)/$L$5 -> 0 | M49: =IFERROR(K49*E49,0) -> 0 | N49: {=IFERROR(K49*(1+IFERROR(_xlfn.SWITCH(G49, $Q$10, $S$10, $Q$11, $S$11, $Q$12, $S$12, $Q$13, $S$13, $Q$14, $S$14, $Q$15, $S$15, $Q$16, $S$16, $Q$17, $S$17, $Q$18, $S$18,$Q$19,$S$19,$Q$20,$S$20,$Q$21,$S$21,$Q$22,$S$22,$Q$23,$S$23,$Q$24,$S$24), $S$10))*bp, 0)} -> 0 | O49: =IFERROR(N49*E49,0) -> 0
B50: 2 | I50: =H50*E50 -> 0 | J50: {=IFERROR(_xlfn.SWITCH(G50, $Q$10, $R$10, $Q$11, $R$11, $Q$12, $R$12, $Q$13, $R$13, $Q$14, $R$14, $Q$15, $R$15, $Q$16, $R$16, $Q$17, $R$17, $Q$18, $R$18,$Q$19,$R$19,$Q$20,$R$20,$Q$21,$R$21,$Q$22,$R$22,$Q$23,$R$23,$Q$24,$R$24), 0)} -> 0 | K50: =IFERROR(H50*(1-J50),0) -> 0 | L50: =IFERROR(K50*E50,0)/$L$5 -> 0 | M50: =IFERROR(K50*E50,0) -> 0 | N50: {=IFERROR(K50*(1+IFERROR(_xlfn.SWITCH(G50, $Q$10, $S$10, $Q$11, $S$11, $Q$12, $S$12, $Q$13, $S$13, $Q$14, $S$14, $Q$15, $S$15, $Q$16, $S$16, $Q$17, $S$17, $Q$18, $S$18,$Q$19,$S$19,$Q$20,$S$20,$Q$21,$S$21,$Q$22,$S$22,$Q$23,$S$23,$Q$24,$S$24), $S$10))*bp, 0)} -> 0 | O50: =IFERROR(N50*E50,0) -> 0
B51: 3 | I51: =H51*E51 -> 0 | J51: {=IFERROR(_xlfn.SWITCH(G51, $Q$10, $R$10, $Q$11, $R$11, $Q$12, $R$12, $Q$13, $R$13, $Q$14, $R$14, $Q$15, $R$15, $Q$16, $R$16, $Q$17, $R$17, $Q$18, $R$18,$Q$19,$R$19,$Q$20,$R$20,$Q$21,$R$21,$Q$22,$R$22,$Q$23,$R$23,$Q$24,$R$24), 0)} -> 0 | K51: =IFERROR(H51*(1-J51),0) -> 0 | L51: =IFERROR(K51*E51,0)/$L$5 -> 0 | M51: =IFERROR(K51*E51,0) -> 0 | N51: {=IFERROR(K51*(1+IFERROR(_xlfn.SWITCH(G51, $Q$10, $S$10, $Q$11, $S$11, $Q$12, $S$12, $Q$13, $S$13, $Q$14, $S$14, $Q$15, $S$15, $Q$16, $S$16, $Q$17, $S$17, $Q$18, $S$18,$Q$19,$S$19,$Q$20,$S$20,$Q$21,$S$21,$Q$22,$S$22,$Q$23,$S$23,$Q$24,$S$24), $S$10))*bp, 0)} -> 0 | O51: =IFERROR(N51*E51,0) -> 0
B52: 4 | I52: =H52*E52 -> 0 | J52: {=IFERROR(_xlfn.SWITCH(G52, $Q$10, $R$10, $Q$11, $R$11, $Q$12, $R$12, $Q$13, $R$13, $Q$14, $R$14, $Q$15, $R$15, $Q$16, $R$16, $Q$17, $R$17, $Q$18, $R$18,$Q$19,$R$19,$Q$20,$R$20,$Q$21,$R$21,$Q$22,$R$22,$Q$23,$R$23,$Q$24,$R$24), 0)} -> 0 | K52: =IFERROR(H52*(1-J52),0) -> 0 | L52: =IFERROR(K52*E52,0)/$L$5 -> 0 | M52: =IFERROR(K52*E52,0) -> 0 | N52: {=IFERROR(K52*(1+IFERROR(_xlfn.SWITCH(G52, $Q$10, $S$10, $Q$11, $S$11, $Q$12, $S$12, $Q$13, $S$13, $Q$14, $S$14, $Q$15, $S$15, $Q$16, $S$16, $Q$17, $S$17, $Q$18, $S$18,$Q$19,$S$19,$Q$20,$S$20,$Q$21,$S$21,$Q$22,$S$22,$Q$23,$S$23,$Q$24,$S$24), $S$10))*bp, 0)} -> 0 | O52: =IFERROR(N52*E52,0) -> 0
B53: 5 | I53: =H53*E53 -> 0 | J53: {=IFERROR(_xlfn.SWITCH(G53, $Q$10, $R$10, $Q$11, $R$11, $Q$12, $R$12, $Q$13, $R$13, $Q$14, $R$14, $Q$15, $R$15, $Q$16, $R$16, $Q$17, $R$17, $Q$18, $R$18,$Q$19,$R$19,$Q$20,$R$20,$Q$21,$R$21,$Q$22,$R$22,$Q$23,$R$23,$Q$24,$R$24), 0)} -> 0 | K53: =IFERROR(H53*(1-J53),0) -> 0 | L53: =IFERROR(K53*E53,0)/$L$5 -> 0 | M53: =IFERROR(K53*E53,0) -> 0 | N53: {=IFERROR(K53*(1+IFERROR(_xlfn.SWITCH(G53, $Q$10, $S$10, $Q$11, $S$11, $Q$12, $S$12, $Q$13, $S$13, $Q$14, $S$14, $Q$15, $S$15, $Q$16, $S$16, $Q$17, $S$17, $Q$18, $S$18,$Q$19,$S$19,$Q$20,$S$20,$Q$21,$S$21,$Q$22,$S$22,$Q$23,$S$23,$Q$24,$S$24), $S$10))*bp, 0)} -> 0 | O53: =IFERROR(N53*E53,0) -> 0
B54: 6 | I54: =H54*E54 -> 0 | J54: {=IFERROR(_xlfn.SWITCH(G54, $Q$10, $R$10, $Q$11, $R$11, $Q$12, $R$12, $Q$13, $R$13, $Q$14, $R$14, $Q$15, $R$15, $Q$16, $R$16, $Q$17, $R$17, $Q$18, $R$18,$Q$19,$R$19,$Q$20,$R$20,$Q$21,$R$21,$Q$22,$R$22,$Q$23,$R$23,$Q$24,$R$24), 0)} -> 0 | K54: =IFERROR(H54*(1-J54),0) -> 0 | L54: =IFERROR(K54*E54,0)/$L$5 -> 0 | M54: =IFERROR(K54*E54,0) -> 0 | N54: {=IFERROR(K54*(1+IFERROR(_xlfn.SWITCH(G54, $Q$10, $S$10, $Q$11, $S$11, $Q$12, $S$12, $Q$13, $S$13, $Q$14, $S$14, $Q$15, $S$15, $Q$16, $S$16, $Q$17, $S$17, $Q$18, $S$18,$Q$19,$S$19,$Q$20,$S$20,$Q$21,$S$21,$Q$22,$S$22,$Q$23,$S$23,$Q$24,$S$24), $S$10))*bp, 0)} -> 0 | O54: =IFERROR(N54*E54,0) -> 0
I55: =SUM(I49:I54) -> 0 | L55: =SUM(L49:L54) -> 0 | M55: =SUM(M49:M54) -> 0 | O55: =SUM(O49:O54) -> 0
B57: NRC - Services | H57: PRICE LIST | J57: FOB NET PRICE | N57: SELL PRICE (WITH TAXES)
B58: # | C58: Product | D58: SKU | E58: Quantity | F58: Group | G58: Prod Category Discount | H58: Unit Partner Price | I58: Total Partner Price | J58: Additional Discount | K58: Unit Price (FOB) | L58: =$L$5 -> 1 | M58: FOB NET | N58: Unit Sell Price | O58: Total Sell Price
B59: 1 | I59: =H59*E59 -> 0 | J59: {=IFERROR(_xlfn.SWITCH(G59, $Q$10, $R$10, $Q$11, $R$11, $Q$12, $R$12, $Q$13, $R$13, $Q$14, $R$14, $Q$15, $R$15, $Q$16, $R$16, $Q$17, $R$17, $Q$18, $R$18,$Q$19,$R$19,$Q$20,$R$20,$Q$21,$R$21,$Q$22,$R$22,$Q$23,$R$23,$Q$24,$R$24), 0)} -> 0 | K59: =IFERROR(H59*(1-J59),0) -> 0 | L59: =IFERROR(K59*E59,0)/$L$5 -> 0 | M59: =IFERROR(K59*E59,0) -> 0 | N59: {=IFERROR(K59*(1+IFERROR(_xlfn.SWITCH(G59, $Q$10, $S$10, $Q$11, $S$11, $Q$12, $S$12, $Q$13, $S$13, $Q$14, $S$14, $Q$15, $S$15, $Q$16, $S$16, $Q$17, $S$17, $Q$18, $S$18,$Q$19,$S$19,$Q$20,$S$20,$Q$21,$S$21,$Q$22,$S$22,$Q$23,$S$23,$Q$24,$S$24), $S$10))*bp, 0)} -> 0 | O59: =IFERROR(N59*E59,0) -> 0
B60: 2 | I60: =H60*E60 -> 0 | J60: {=IFERROR(_xlfn.SWITCH(G60, $Q$10, $R$10, $Q$11, $R$11, $Q$12, $R$12, $Q$13, $R$13, $Q$14, $R$14, $Q$15, $R$15, $Q$16, $R$16, $Q$17, $R$17, $Q$18, $R$18,$Q$19,$R$19,$Q$20,$R$20,$Q$21,$R$21,$Q$22,$R$22,$Q$23,$R$23,$Q$24,$R$24), 0)} -> 0 | K60: =IFERROR(H60*(1-J60),0) -> 0 | L60: =IFERROR(K60*E60,0)/$L$5 -> 0 | M60: =IFERROR(K60*E60,0) -> 0 | N60: {=IFERROR(K60*(1+IFERROR(_xlfn.SWITCH(G60, $Q$10, $S$10, $Q$11, $S$11, $Q$12, $S$12, $Q$13, $S$13, $Q$14, $S$14, $Q$15, $S$15, $Q$16, $S$16, $Q$17, $S$17, $Q$18, $S$18,$Q$19,$S$19,$Q$20,$S$20,$Q$21,$S$21,$Q$22,$S$22,$Q$23,$S$23,$Q$24,$S$24), $S$10))*bp, 0)} -> 0 | O60: =IFERROR(N60*E60,0) -> 0
B61: 3 | I61: =H61*E61 -> 0 | J61: {=IFERROR(_xlfn.SWITCH(G61, $Q$10, $R$10, $Q$11, $R$11, $Q$12, $R$12, $Q$13, $R$13, $Q$14, $R$14, $Q$15, $R$15, $Q$16, $R$16, $Q$17, $R$17, $Q$18, $R$18,$Q$19,$R$19,$Q$20,$R$20,$Q$21,$R$21,$Q$22,$R$22,$Q$23,$R$23,$Q$24,$R$24), 0)} -> 0 | K61: =IFERROR(H61*(1-J61),0) -> 0 | L61: =IFERROR(K61*E61,0)/$L$5 -> 0 | M61: =IFERROR(K61*E61,0) -> 0 | N61: {=IFERROR(K61*(1+IFERROR(_xlfn.SWITCH(G61, $Q$10, $S$10, $Q$11, $S$11, $Q$12, $S$12, $Q$13, $S$13, $Q$14, $S$14, $Q$15, $S$15, $Q$16, $S$16, $Q$17, $S$17, $Q$18, $S$18,$Q$19,$S$19,$Q$20,$S$20,$Q$21,$S$21,$Q$22,$S$22,$Q$23,$S$23,$Q$24,$S$24), $S$10))*bp, 0)} -> 0 | O61: =IFERROR(N61*E61,0) -> 0
B62: 4 | I62: =H62*E62 -> 0 | J62: {=IFERROR(_xlfn.SWITCH(G62, $Q$10, $R$10, $Q$11, $R$11, $Q$12, $R$12, $Q$13, $R$13, $Q$14, $R$14, $Q$15, $R$15, $Q$16, $R$16, $Q$17, $R$17, $Q$18, $R$18,$Q$19,$R$19,$Q$20,$R$20,$Q$21,$R$21,$Q$22,$R$22,$Q$23,$R$23,$Q$24,$R$24), 0)} -> 0 | K62: =IFERROR(H62*(1-J62),0) -> 0 | L62: =IFERROR(K62*E62,0)/$L$5 -> 0 | M62: =IFERROR(K62*E62,0) -> 0 | N62: {=IFERROR(K62*(1+IFERROR(_xlfn.SWITCH(G62, $Q$10, $S$10, $Q$11, $S$11, $Q$12, $S$12, $Q$13, $S$13, $Q$14, $S$14, $Q$15, $S$15, $Q$16, $S$16, $Q$17, $S$17, $Q$18, $S$18,$Q$19,$S$19,$Q$20,$S$20,$Q$21,$S$21,$Q$22,$S$22,$Q$23,$S$23,$Q$24,$S$24), $S$10))*bp, 0)} -> 0 | O62: =IFERROR(N62*E62,0) -> 0
B63: 5 | I63: =H63*E63 -> 0 | J63: {=IFERROR(_xlfn.SWITCH(G63, $Q$10, $R$10, $Q$11, $R$11, $Q$12, $R$12, $Q$13, $R$13, $Q$14, $R$14, $Q$15, $R$15, $Q$16, $R$16, $Q$17, $R$17, $Q$18, $R$18,$Q$19,$R$19,$Q$20,$R$20,$Q$21,$R$21,$Q$22,$R$22,$Q$23,$R$23,$Q$24,$R$24), 0)} -> 0 | K63: =IFERROR(H63*(1-J63),0) -> 0 | L63: =IFERROR(K63*E63,0)/$L$5 -> 0 | M63: =IFERROR(K63*E63,0) -> 0 | N63: {=IFERROR(K63*(1+IFERROR(_xlfn.SWITCH(G63, $Q$10, $S$10, $Q$11, $S$11, $Q$12, $S$12, $Q$13, $S$13, $Q$14, $S$14, $Q$15, $S$15, $Q$16, $S$16, $Q$17, $S$17, $Q$18, $S$18,$Q$19,$S$19,$Q$20,$S$20,$Q$21,$S$21,$Q$22,$S$22,$Q$23,$S$23,$Q$24,$S$24), $S$10))*bp, 0)} -> 0 | O63: =IFERROR(N63*E63,0) -> 0
B64: 6 | I64: =H64*E64 -> 0 | J64: {=IFERROR(_xlfn.SWITCH(G64, $Q$10, $R$10, $Q$11, $R$11, $Q$12, $R$12, $Q$13, $R$13, $Q$14, $R$14, $Q$15, $R$15, $Q$16, $R$16, $Q$17, $R$17, $Q$18, $R$18,$Q$19,$R$19,$Q$20,$R$20,$Q$21,$R$21,$Q$22,$R$22,$Q$23,$R$23,$Q$24,$R$24), 0)} -> 0 | K64: =IFERROR(H64*(1-J64),0) -> 0 | L64: =IFERROR(K64*E64,0)/$L$5 -> 0 | M64: =IFERROR(K64*E64,0) -> 0 | N64: {=IFERROR(K64*(1+IFERROR(_xlfn.SWITCH(G64, $Q$10, $S$10, $Q$11, $S$11, $Q$12, $S$12, $Q$13, $S$13, $Q$14, $S$14, $Q$15, $S$15, $Q$16, $S$16, $Q$17, $S$17, $Q$18, $S$18,$Q$19,$S$19,$Q$20,$S$20,$Q$21,$S$21,$Q$22,$S$22,$Q$23,$S$23,$Q$24,$S$24), $S$10))*bp, 0)} -> 0 | O64: =IFERROR(N64*E64,0) -> 0
B65: 7 | I65: =H65*E65 -> 0 | J65: {=IFERROR(_xlfn.SWITCH(G65, $Q$10, $R$10, $Q$11, $R$11, $Q$12, $R$12, $Q$13, $R$13, $Q$14, $R$14, $Q$15, $R$15, $Q$16, $R$16, $Q$17, $R$17, $Q$18, $R$18,$Q$19,$R$19,$Q$20,$R$20,$Q$21,$R$21,$Q$22,$R$22,$Q$23,$R$23,$Q$24,$R$24), 0)} -> 0 | K65: =IFERROR(H65*(1-J65),0) -> 0 | L65: =IFERROR(K65*E65,0)/$L$5 -> 0 | M65: =IFERROR(K65*E65,0) -> 0 | N65: {=IFERROR(K65*(1+IFERROR(_xlfn.SWITCH(G65, $Q$10, $S$10, $Q$11, $S$11, $Q$12, $S$12, $Q$13, $S$13, $Q$14, $S$14, $Q$15, $S$15, $Q$16, $S$16, $Q$17, $S$17, $Q$18, $S$18,$Q$19,$S$19,$Q$20,$S$20,$Q$21,$S$21,$Q$22,$S$22,$Q$23,$S$23,$Q$24,$S$24), $S$10))*bp, 0)} -> 0 | O65: =IFERROR(N65*E65,0) -> 0
B66: 8 | I66: =H66*E66 -> 0 | J66: {=IFERROR(_xlfn.SWITCH(G66, $Q$10, $R$10, $Q$11, $R$11, $Q$12, $R$12, $Q$13, $R$13, $Q$14, $R$14, $Q$15, $R$15, $Q$16, $R$16, $Q$17, $R$17, $Q$18, $R$18,$Q$19,$R$19,$Q$20,$R$20,$Q$21,$R$21,$Q$22,$R$22,$Q$23,$R$23,$Q$24,$R$24), 0)} -> 0 | K66: =IFERROR(H66*(1-J66),0) -> 0 | L66: =IFERROR(K66*E66,0)/$L$5 -> 0 | M66: =IFERROR(K66*E66,0) -> 0 | N66: {=IFERROR(K66*(1+IFERROR(_xlfn.SWITCH(G66, $Q$10, $S$10, $Q$11, $S$11, $Q$12, $S$12, $Q$13, $S$13, $Q$14, $S$14, $Q$15, $S$15, $Q$16, $S$16, $Q$17, $S$17, $Q$18, $S$18,$Q$19,$S$19,$Q$20,$S$20,$Q$21,$S$21,$Q$22,$S$22,$Q$23,$S$23,$Q$24,$S$24), $S$10))*bp, 0)} -> 0 | O66: =IFERROR(N66*E66,0) -> 0
B67: 9 | I67: =H67*E67 -> 0 | J67: {=IFERROR(_xlfn.SWITCH(G67, $Q$10, $R$10, $Q$11, $R$11, $Q$12, $R$12, $Q$13, $R$13, $Q$14, $R$14, $Q$15, $R$15, $Q$16, $R$16, $Q$17, $R$17, $Q$18, $R$18,$Q$19,$R$19,$Q$20,$R$20,$Q$21,$R$21,$Q$22,$R$22,$Q$23,$R$23,$Q$24,$R$24), 0)} -> 0 | K67: =IFERROR(H67*(1-J67),0) -> 0 | L67: =IFERROR(K67*E67,0)/$L$5 -> 0 | M67: =IFERROR(K67*E67,0) -> 0 | N67: {=IFERROR(K67*(1+IFERROR(_xlfn.SWITCH(G67, $Q$10, $S$10, $Q$11, $S$11, $Q$12, $S$12, $Q$13, $S$13, $Q$14, $S$14, $Q$15, $S$15, $Q$16, $S$16, $Q$17, $S$17, $Q$18, $S$18,$Q$19,$S$19,$Q$20,$S$20,$Q$21,$S$21,$Q$22,$S$22,$Q$23,$S$23,$Q$24,$S$24), $S$10))*bp, 0)} -> 0 | O67: =IFERROR(N67*E67,0) -> 0
B68: 10 | I68: =H68*E68 -> 0 | J68: {=IFERROR(_xlfn.SWITCH(G68, $Q$10, $R$10, $Q$11, $R$11, $Q$12, $R$12, $Q$13, $R$13, $Q$14, $R$14, $Q$15, $R$15, $Q$16, $R$16, $Q$17, $R$17, $Q$18, $R$18,$Q$19,$R$19,$Q$20,$R$20,$Q$21,$R$21,$Q$22,$R$22,$Q$23,$R$23,$Q$24,$R$24), 0)} -> 0 | K68: =IFERROR(H68*(1-J68),0) -> 0 | L68: =IFERROR(K68*E68,0)/$L$5 -> 0 | M68: =IFERROR(K68*E68,0) -> 0 | N68: {=IFERROR(K68*(1+IFERROR(_xlfn.SWITCH(G68, $Q$10, $S$10, $Q$11, $S$11, $Q$12, $S$12, $Q$13, $S$13, $Q$14, $S$14, $Q$15, $S$15, $Q$16, $S$16, $Q$17, $S$17, $Q$18, $S$18,$Q$19,$S$19,$Q$20,$S$20,$Q$21,$S$21,$Q$22,$S$22,$Q$23,$S$23,$Q$24,$S$24), $S$10))*bp, 0)} -> 0 | O68: =IFERROR(N68*E68,0) -> 0
B69: 11 | I69: =H69*E69 -> 0 | J69: {=IFERROR(_xlfn.SWITCH(G69, $Q$10, $R$10, $Q$11, $R$11, $Q$12, $R$12, $Q$13, $R$13, $Q$14, $R$14, $Q$15, $R$15, $Q$16, $R$16, $Q$17, $R$17, $Q$18, $R$18,$Q$19,$R$19,$Q$20,$R$20,$Q$21,$R$21,$Q$22,$R$22,$Q$23,$R$23,$Q$24,$R$24), 0)} -> 0 | K69: =IFERROR(H69*(1-J69),0) -> 0 | L69: =IFERROR(K69*E69,0)/$L$5 -> 0 | M69: =IFERROR(K69*E69,0) -> 0 | N69: {=IFERROR(K69*(1+IFERROR(_xlfn.SWITCH(G69, $Q$10, $S$10, $Q$11, $S$11, $Q$12, $S$12, $Q$13, $S$13, $Q$14, $S$14, $Q$15, $S$15, $Q$16, $S$16, $Q$17, $S$17, $Q$18, $S$18,$Q$19,$S$19,$Q$20,$S$20,$Q$21,$S$21,$Q$22,$S$22,$Q$23,$S$23,$Q$24,$S$24), $S$10))*bp, 0)} -> 0 | O69: =IFERROR(N69*E69,0) -> 0
B70: 12 | I70: =H70*E70 -> 0 | J70: {=IFERROR(_xlfn.SWITCH(G70, $Q$10, $R$10, $Q$11, $R$11, $Q$12, $R$12, $Q$13, $R$13, $Q$14, $R$14, $Q$15, $R$15, $Q$16, $R$16, $Q$17, $R$17, $Q$18, $R$18,$Q$19,$R$19,$Q$20,$R$20,$Q$21,$R$21,$Q$22,$R$22,$Q$23,$R$23,$Q$24,$R$24), 0)} -> 0 | K70: =IFERROR(H70*(1-J70),0) -> 0 | L70: =IFERROR(K70*E70,0)/$L$5 -> 0 | M70: =IFERROR(K70*E70,0) -> 0 | N70: {=IFERROR(K70*(1+IFERROR(_xlfn.SWITCH(G70, $Q$10, $S$10, $Q$11, $S$11, $Q$12, $S$12, $Q$13, $S$13, $Q$14, $S$14, $Q$15, $S$15, $Q$16, $S$16, $Q$17, $S$17, $Q$18, $S$18,$Q$19,$S$19,$Q$20,$S$20,$Q$21,$S$21,$Q$22,$S$22,$Q$23,$S$23,$Q$24,$S$24), $S$10))*bp, 0)} -> 0 | O70: =IFERROR(N70*E70,0) -> 0
... B85: 27 | I85: =H85*E85 -> 0 | J85: {=IFERROR(_xlfn.SWITCH(G85, $Q$10, $R$10, $Q$11, $R$11, $Q$12, $R$12, $Q$13, $R$13, $Q$14, $R$14, $Q$15, $R$15, $Q$16, $R$16, $Q$17, $R$17, $Q$18, $R$18,$Q$19,$R$19,$Q$20,$R$20,$Q$21,$R$21,$Q$22,$R$22,$Q$23,$R$23,$Q$24,$R$24), 0)} -> 0 | K85: =IFERROR(H85*(1-J85),0) -> 0 | L85: =IFERROR(K85*E85,0)/$L$5 -> 0 | M85: =IFERROR(K85*E85,0) -> 0 | N85: {=IFERROR(K85*(1+IFERROR(_xlfn.SWITCH(G85, $Q$10, $S$10, $Q$11, $S$11, $Q$12, $S$12, $Q$13, $S$13, $Q$14, $S$14, $Q$15, $S$15, $Q$16, $S$16, $Q$17, $S$17, $Q$18, $S$18,$Q$19,$S$19,$Q$20,$S$20,$Q$21,$S$21,$Q$22,$S$22,$Q$23,$S$23,$Q$24,$S$24), $S$10))*bp, 0)} -> 0 | O85: =IFERROR(N85*E85,0) -> 0
I86: =SUM(I59:I85) -> 0 | L86: =SUM(L59:L85) -> 0 | M86: =SUM(M59:M85) -> 0 | O86: =SUM(O59:O85) -> 0
B88: MRC - Connectivity | H88: PRICE LIST | J88: FOB NET PRICE | N88: SELL PRICE (WITH TAXES)
B89: # | C89: Product | D89: SKU | E89: Quantity | F89: Group | G89: Prod Category Discount | H89: Unit Partner Price | I89: Total Partner Price | J89: Additional Discount | K89: Unit Price (FOB) | L89: =$L$5 -> 1 | M89: FOB NET | N89: Unit Sell Price | O89: Total Sell Price
B90: 1 | I90: =H90*E90 -> 0 | J90: {=IFERROR(_xlfn.SWITCH(G90, $Q$10, $R$10, $Q$11, $R$11, $Q$12, $R$12, $Q$13, $R$13, $Q$14, $R$14, $Q$15, $R$15, $Q$16, $R$16, $Q$17, $R$17, $Q$18, $R$18,$Q$19,$R$19,$Q$20,$R$20,$Q$21,$R$21,$Q$22,$R$22,$Q$23,$R$23,$Q$24,$R$24), 0)} -> 0 | K90: =IFERROR(H90*(1-J90),0) -> 0 | L90: =IFERROR(K90*E90,0)/$L$5 -> 0 | M90: =IFERROR(K90*E90,0) -> 0 | N90: {=IFERROR(K90*(1+IFERROR(_xlfn.SWITCH(G90, $Q$10, $S$10, $Q$11, $S$11, $Q$12, $S$12, $Q$13, $S$13, $Q$14, $S$14, $Q$15, $S$15, $Q$16, $S$16, $Q$17, $S$17, $Q$18, $S$18,$Q$19,$S$19,$Q$20,$S$20,$Q$21,$S$21,$Q$22,$S$22,$Q$23,$S$23,$Q$24,$S$24), $S$10))*bp, 0)} -> 0 | O90: =IFERROR(N90*E90,0) -> 0
B91: 2 | I91: =H91*E91 -> 0 | J91: {=IFERROR(_xlfn.SWITCH(G91, $Q$10, $R$10, $Q$11, $R$11, $Q$12, $R$12, $Q$13, $R$13, $Q$14, $R$14, $Q$15, $R$15, $Q$16, $R$16, $Q$17, $R$17, $Q$18, $R$18,$Q$19,$R$19,$Q$20,$R$20,$Q$21,$R$21,$Q$22,$R$22,$Q$23,$R$23,$Q$24,$R$24), 0)} -> 0 | K91: =IFERROR(H91*(1-J91),0) -> 0 | L91: =IFERROR(K91*E91,0)/$L$5 -> 0 | M91: =IFERROR(K91*E91,0) -> 0 | N91: {=IFERROR(K91*(1+IFERROR(_xlfn.SWITCH(G91, $Q$10, $S$10, $Q$11, $S$11, $Q$12, $S$12, $Q$13, $S$13, $Q$14, $S$14, $Q$15, $S$15, $Q$16, $S$16, $Q$17, $S$17, $Q$18, $S$18,$Q$19,$S$19,$Q$20,$S$20,$Q$21,$S$21,$Q$22,$S$22,$Q$23,$S$23,$Q$24,$S$24), $S$10))*bp, 0)} -> 0 | O91: =IFERROR(N91*E91,0) -> 0
B92: 3 | I92: =H92*E92 -> 0 | J92: {=IFERROR(_xlfn.SWITCH(G92, $Q$10, $R$10, $Q$11, $R$11, $Q$12, $R$12, $Q$13, $R$13, $Q$14, $R$14, $Q$15, $R$15, $Q$16, $R$16, $Q$17, $R$17, $Q$18, $R$18,$Q$19,$R$19,$Q$20,$R$20,$Q$21,$R$21,$Q$22,$R$22,$Q$23,$R$23,$Q$24,$R$24), 0)} -> 0 | K92: =IFERROR(H92*(1-J92),0) -> 0 | L92: =IFERROR(K92*E92,0)/$L$5 -> 0 | M92: =IFERROR(K92*E92,0) -> 0 | N92: {=IFERROR(K92*(1+IFERROR(_xlfn.SWITCH(G92, $Q$10, $S$10, $Q$11, $S$11, $Q$12, $S$12, $Q$13, $S$13, $Q$14, $S$14, $Q$15, $S$15, $Q$16, $S$16, $Q$17, $S$17, $Q$18, $S$18,$Q$19,$S$19,$Q$20,$S$20,$Q$21,$S$21,$Q$22,$S$22,$Q$23,$S$23,$Q$24,$S$24), $S$10))*bp, 0)} -> 0 | O92: =IFERROR(N92*E92,0) -> 0
B93: 4 | I93: =H93*E93 -> 0 | J93: {=IFERROR(_xlfn.SWITCH(G93, $Q$10, $R$10, $Q$11, $R$11, $Q$12, $R$12, $Q$13, $R$13, $Q$14, $R$14, $Q$15, $R$15, $Q$16, $R$16, $Q$17, $R$17, $Q$18, $R$18,$Q$19,$R$19,$Q$20,$R$20,$Q$21,$R$21,$Q$22,$R$22,$Q$23,$R$23,$Q$24,$R$24), 0)} -> 0 | K93: =IFERROR(H93*(1-J93),0) -> 0 | L93: =IFERROR(K93*E93,0)/$L$5 -> 0 | M93: =IFERROR(K93*E93,0) -> 0 | N93: {=IFERROR(K93*(1+IFERROR(_xlfn.SWITCH(G93, $Q$10, $S$10, $Q$11, $S$11, $Q$12, $S$12, $Q$13, $S$13, $Q$14, $S$14, $Q$15, $S$15, $Q$16, $S$16, $Q$17, $S$17, $Q$18, $S$18,$Q$19,$S$19,$Q$20,$S$20,$Q$21,$S$21,$Q$22,$S$22,$Q$23,$S$23,$Q$24,$S$24), $S$10))*bp, 0)} -> 0 | O93: =IFERROR(N93*E93,0) -> 0
I94: =SUM(I90:I93) -> 0 | L94: =SUM(L90:L93) -> 0 | M94: =SUM(M90:M93) -> 0 | O94: =SUM(O90:O93) -> 0
B96: NRC - Connectivity | H96: PRICE LIST | J96: FOB NET PRICE | N96: SELL PRICE (WITH TAXES)
B97: # | C97: Product | D97: SKU | E97: Quantity | F97: Group | G97: Prod Category Discount | H97: Unit Partner Price | I97: Total Partner Price | J97: Additional Discount | K97: Unit Price (FOB) | L97: =$L$5 -> 1 | M97: FOB NET | N97: Unit Sell Price | O97: Total Sell Price
B98: 1 | I98: =H98*E98 -> 0 | J98: {=IFERROR(_xlfn.SWITCH(G98, $Q$10, $R$10, $Q$11, $R$11, $Q$12, $R$12, $Q$13, $R$13, $Q$14, $R$14, $Q$15, $R$15, $Q$16, $R$16, $Q$17, $R$17, $Q$18, $R$18,$Q$19,$R$19,$Q$20,$R$20,$Q$21,$R$21,$Q$22,$R$22,$Q$23,$R$23,$Q$24,$R$24), 0)} -> 0 | K98: =IFERROR(H98*(1-J98),0) -> 0 | L98: =IFERROR(K98*E98,0)/$L$5 -> 0 | M98: =IFERROR(K98*E98,0) -> 0 | N98: {=IFERROR(K98*(1+IFERROR(_xlfn.SWITCH(G98, $Q$10, $S$10, $Q$11, $S$11, $Q$12, $S$12, $Q$13, $S$13, $Q$14, $S$14, $Q$15, $S$15, $Q$16, $S$16, $Q$17, $S$17, $Q$18, $S$18,$Q$19,$S$19,$Q$20,$S$20,$Q$21,$S$21,$Q$22,$S$22,$Q$23,$S$23,$Q$24,$S$24), $S$10))*bp, 0)} -> 0 | O98: =IFERROR(N98*E98,0) -> 0
B99: 2 | I99: =H99*E99 -> 0 | J99: {=IFERROR(_xlfn.SWITCH(G99, $Q$10, $R$10, $Q$11, $R$11, $Q$12, $R$12, $Q$13, $R$13, $Q$14, $R$14, $Q$15, $R$15, $Q$16, $R$16, $Q$17, $R$17, $Q$18, $R$18,$Q$19,$R$19,$Q$20,$R$20,$Q$21,$R$21,$Q$22,$R$22,$Q$23,$R$23,$Q$24,$R$24), 0)} -> 0 | K99: =IFERROR(H99*(1-J99),0) -> 0 | L99: =IFERROR(K99*E99,0)/$L$5 -> 0 | M99: =IFERROR(K99*E99,0) -> 0 | N99: {=IFERROR(K99*(1+IFERROR(_xlfn.SWITCH(G99, $Q$10, $S$10, $Q$11, $S$11, $Q$12, $S$12, $Q$13, $S$13, $Q$14, $S$14, $Q$15, $S$15, $Q$16, $S$16, $Q$17, $S$17, $Q$18, $S$18,$Q$19,$S$19,$Q$20,$S$20,$Q$21,$S$21,$Q$22,$S$22,$Q$23,$S$23,$Q$24,$S$24), $S$10))*bp, 0)} -> 0 | O99: =IFERROR(N99*E99,0) -> 0
B100: 3 | I100: =H100*E100 -> 0 | J100: {=IFERROR(_xlfn.SWITCH(G100, $Q$10, $R$10, $Q$11, $R$11, $Q$12, $R$12, $Q$13, $R$13, $Q$14, $R$14, $Q$15, $R$15, $Q$16, $R$16, $Q$17, $R$17, $Q$18, $R$18,$Q$19,$R$19,$Q$20,$R$20,$Q$21,$R$21,$Q$22,$R$22,$Q$23,$R$23,$Q$24,$R$24), 0)} -> 0 | K100: =IFERROR(H100*(1-J100),0) -> 0 | L100: =IFERROR(K100*E100,0)/$L$5 -> 0 | M100: =IFERROR(K100*E100,0) -> 0 | N100: {=IFERROR(K100*(1+IFERROR(_xlfn.SWITCH(G100, $Q$10, $S$10, $Q$11, $S$11, $Q$12, $S$12, $Q$13, $S$13, $Q$14, $S$14, $Q$15, $S$15, $Q$16, $S$16, $Q$17, $S$17, $Q$18, $S$18,$Q$19,$S$19,$Q$20,$S$20,$Q$21,$S$21,$Q$22,$S$22,$Q$23,$S$23,$Q$24,$S$24), $S$10))*bp, 0)} -> 0 | O100: =IFERROR(N100*E100,0) -> 0
B101: 4 | I101: =H101*E101 -> 0 | J101: {=IFERROR(_xlfn.SWITCH(G101, $Q$10, $R$10, $Q$11, $R$11, $Q$12, $R$12, $Q$13, $R$13, $Q$14, $R$14, $Q$15, $R$15, $Q$16, $R$16, $Q$17, $R$17, $Q$18, $R$18,$Q$19,$R$19,$Q$20,$R$20,$Q$21,$R$21,$Q$22,$R$22,$Q$23,$R$23,$Q$24,$R$24), 0)} -> 0 | K101: =IFERROR(H101*(1-J101),0) -> 0 | L101: =IFERROR(K101*E101,0)/$L$5 -> 0 | M101: =IFERROR(K101*E101,0) -> 0 | N101: {=IFERROR(K101*(1+IFERROR(_xlfn.SWITCH(G101, $Q$10, $S$10, $Q$11, $S$11, $Q$12, $S$12, $Q$13, $S$13, $Q$14, $S$14, $Q$15, $S$15, $Q$16, $S$16, $Q$17, $S$17, $Q$18, $S$18,$Q$19,$S$19,$Q$20,$S$20,$Q$21,$S$21,$Q$22,$S$22,$Q$23,$S$23,$Q$24,$S$24), $S$10))*bp, 0)} -> 0 | O101: =IFERROR(N101*E101,0) -> 0
I102: =SUM(I98:I101) -> 0 | L102: =SUM(L98:L101) -> 0 | M102: =SUM(M98:M101) -> 0 | O102: =SUM(O98:O101) -> 0
B109: 32 | C109: Omilia for CXone Embedded IVR Voice Biometrics Implementation Package | E109: 0 | G109: Services | I109: =H109*E109 -> 0 | J109: =$J$60 -> 0 | K109: =H109*(1-J109) -> 0 | M109: =I109*(1-J109) -> 0 | N109: =(H109*(1-J109))*(1+iserv)*bp -> 0 | O109: =N109*E109 -> 0
B110: 33 | C110: CXone Virtual Agent Hub Registration Implementation | E110: 0 | G110: Services | I110: =H110*E110 -> 0 | J110: =$J$60 -> 0 | K110: =H110*(1-J110) -> 0 | M110: =I110*(1-J110) -> 0 | N110: =(H110*(1-J110))*(1+iserv)*bp -> 0 | O110: =N110*E110 -> 0
B111: 34 | C111: CXone Autopilot Medium Implementation Package | E111: 0 | G111: Services | I111: =H111*E111 -> 0 | J111: =$J$60 -> 0 | K111: =H111*(1-J111) -> 0 | M111: =I111*(1-J111) -> 0 | N111: =(H111*(1-J111))*(1+iserv)*bp -> 0 | O111: =N111*E111 -> 0
B112: 35 | C112: Enlighten Autopilot Basics Instructor Led (1-day) (per student) | E112: 0 | G112: Services | I112: =H112*E112 -> 0 | J112: =$J$60 -> 0 | K112: =H112*(1-J112) -> 0 | M112: =I112*(1-J112) -> 0 | N112: =(H112*(1-J112))*(1+iserv)*bp -> 0 | O112: =N112*E112 -> 0
B113: 36 | C113: Enlighten Autopilot Advanced Instructor Led (4-day) (per student) | E113: 0 | G113: Services | I113: =H113*E113 -> 0 | J113: =$J$60 -> 0 | K113: =H113*(1-J113) -> 0 | M113: =I113*(1-J113) -> 0 | N113: =(H113*(1-J113))*(1+iserv)*bp -> 0 | O113: =N113*E113 -> 0
B114: 37 | C114: Digital CXi Consulting for Autopilot/Copilot by License Tier | E114: 0 | G114: Services | I114: =H114*E114 -> 0 | J114: =$J$60 -> 0 | M114: =I114*(1-J114) -> 0 | N114: =(H114*(1-J114))*(1+iserv)*bp -> 0 | O114: =N114*E114 -> 0
B115: 40 | C115: Turn-by-Turn Transcription Service Implementation | E115: 0 | G115: Services | I115: =H115*E115 -> 0 | J115: =$J$60 -> 0 | K115: =H115*(1-J115) -> 0 | M115: =I115*(1-J115) -> 0 | N115: =(H115*(1-J115))*(1+iserv)*bp -> 0 | O115: =N115*E115 -> 0
B116: 41 | C116: CXone Cloud Text to Speech Registration Implementation | E116: 0 | G116: Services | I116: =H116*E116 -> 0 | J116: =$J$60 -> 0 | K116: =H116*(1-J116) -> 0 | M116: =I116*(1-J116) -> 0 | N116: =(H116*(1-J116))*(1+iserv)*bp -> 0 | O116: =N116*E116 -> 0
B118: 25 | C118: CXone Business Consulting for IEX WFM Integrated | G118: Training and Onboarding | I118: =H118*E118 -> 0 | J118: =$R$18 -> 0 | K118: =H118*(1-J118) -> 0 | M118: =I118*(1-J118) -> 0 | N118: =(H118*(1-J118))*(1+iserv)*bp -> 0 | O118: =N118*E118 -> 0

Sheet Sobre o Uso do Template
B2: Recomendações de uso
B3: - Manter uma cópia original desse template e "passar" a quote para a planilha em outro arquivo cópia
B4: Mudanças na tabela
B5: - Ao colocar a categoria em "Prod Category", formata automaticamente a cor, a % do desconto e a formatação da célula de desconto
B6: - Apaga automaticamente ao remover a categoria do produto
B7: - Funciona apenas para as tabelas que possuem a coluna "Prod Category"
B9: Benefícios
B10: - Não precisa mudar a porcentagem do desconto em cada célula, é automático
B11: - Formatações automáticas
B13: Pontos Negativos
B14: - Ao alterar manualmente o desconto, fórmula é apagada. Procure possuir um arquivo desse template e realizar a quote em uma cópia
